,Afghanistan,Albania,Algeria,American Samoa,Andorra,Angola,Anguilla,Antarctica,Antigua and Barbuda,Argentina,Armenia,Aruba,Australia,Austria,Azerbaijan,Bahamas,Bahrain,Bangladesh,Barbados,Belarus,Belgium,Belgium-Luxembourg,Belize,Benin,Bhutan,Bolivia (Plurinational State of),Bosnia and Herzegovina,Botswana,Brazil,British Virgin Islands,Brunei Darussalam,Bulgaria,Burkina Faso,Burundi,Cabo Verde,Cambodia,Cameroon,Canada,Cayman Islands,Central African Republic,Chad,Channel Islands,Chile,China,"China, Hong Kong SAR","China, Macao SAR","China, mainland","China, Taiwan Province of",Christmas Island,Cocos (Keeling) Islands,Colombia,Comoros,Congo,Cook Islands,Costa Rica,Côte d'Ivoire,Croatia,Cuba,Cyprus,Czechia,Czechoslovakia,Democratic People's Republic of Korea,Democratic Republic of the Congo,Denmark,Djibouti,Dominica,Dominican Republic,Ecuador,Egypt,El Salvador,Equatorial Guinea,Eritrea,Estonia,Eswatini,Ethiopia,Ethiopia PDR,Falkland Islands (Malvinas),Faroe Islands,Fiji,Finland,France,French Guiana,French Polynesia,French Southern and Antarctic Territories,Gabon,Gambia,Georgia,Germany,Ghana,Gibraltar,Greece,Greenland,Grenada,Guadeloupe,Guatemala,Guinea,Guinea-Bissau,Guyana,Haiti,Holy See,Honduras,Hungary,Iceland,India,Indonesia,Iran (Islamic Republic of),Iraq,Ireland,Isle of Man,Israel,Italy,Jamaica,Japan,Jordan,Kazakhstan,Kenya,Kiribati,Kuwait,Kyrgyzstan,Lao People's Democratic Republic,Latvia,Lebanon,Lesotho,Liberia,Libya,Liechtenstein,Lithuania,Luxembourg,Madagascar,Malawi,Malaysia,Maldives,Mali,Malta,Marshall Islands,Martinique,Mauritania,Mauritius,Mayotte,Mexico,Micronesia (Federated States of),Midway Island,Monaco,Mongolia,Montenegro,Montserrat,Morocco,Mozambique,Myanmar,Namibia,Nauru,Nepal,Netherlands,Netherlands Antilles (former),New Caledonia,New Zealand,Nicaragua,Niger,Nigeria,Niue,Norfolk Island,North Macedonia,Norway,Oman,Pacific Islands Trust Territory,Pakistan,Palau,Palestine,Panama,Papua New Guinea,Paraguay,Peru,Philippines,Pitcairn Islands,Poland,Portugal,Puerto Rico,Qatar,Republic of Korea,Republic of Moldova,Réunion,Romania,Russia,Rwanda,"Saint Helena, Ascension and Tristan da Cunha",Saint Kitts and Nevis,Saint Lucia,Saint Pierre and Miquelon,Saint Vincent and the Grenadines,Samoa,San Marino,Sao Tome and Principe,Saudi Arabia,Senegal,Serbia,Serbia and Montenegro,Seychelles,Sierra Leone,Singapore,Slovakia,Slovenia,Solomon Islands,Somalia,South Africa,South Georgia and the South Sandwich Islands,South Sudan,Spain,Sri Lanka,Sudan,Sudan (former),Suriname,Svalbard and Jan Mayen Islands,Sweden,Switzerland,Syrian Arab Republic,Tajikistan,Thailand,Timor-Leste,Togo,Tokelau,Tonga,Trinidad and Tobago,Tunisia,Turkey,Turkmenistan,Turks and Caicos Islands,Tuvalu,Uganda,Ukraine,United Arab Emirates,United Kingdom,United Republic of Tanzania,United States of America,United States Virgin Islands,Uruguay,USSR,Uzbekistan,Vanuatu,Venezuela (Bolivarian Republic of),Viet Nam,Wake Island,Wallis and Futuna Islands,Western Sahara,Yemen,Yugoslav SFR,Zambia,Zimbabwe,World,Africa,Eastern Africa,Middle Africa,Northern Africa,Southern Africa,Western Africa,Americas,Northern America,Central America,Caribbean,South America,Asia,Central Asia,Eastern Asia,Southern Asia,South-Eastern Asia,Western Asia,Europe,Eastern Europe,Northern Europe,Southern Europe,Western Europe,Oceania,Australia and New Zealand,Melanesia,Micronesia,Polynesia,European Union,Least Developed Countries,Land Locked Developing Countries,Small Island Developing States,Low Income Food Deficit Countries,Net Food Importing Developing Countries,Annex I countries,Non-Annex I countries,OECD
Y1961,-0.08,0.631,0.186,-0.014,0.749,0.053,0.072,0.28,0.057,0.129,,-0.232,0.151,1.035,,0.016,-0.465,0.155,0.215,,,0.872,-0.079,-0.116,0.218,0.234,,0.126,0.165,0.1,0.141,0.888,-0.302,0.068,-0.096,-0.037,-0.097,0.045,,0.008,-0.426,0.68,-0.275,0.264,0.047,0.047,0.264,0.16,,-0.017,0.038,0.427,-0.165,0.04,,-0.062,,0.009,0.04,,1.16,0.479,-0.016,1.104,0.105,0.038,-0.04,-0.124,-0.224,-0.069,-0.118,,,0.297,,-0.061,-0.351,0.633,0.215,1.906,0.835,-0.121,0.072,-0.484,-0.147,-0.162,,0.99,-0.057,0.572,0.467,-0.293,0.176,0.057,-0.068,-0.156,-0.144,-0.025,-0.08,0.711,-0.127,1.183,0.574,-0.23,-0.062,-0.081,-0.167,0.269,0.366,-0.129,0.813,-0.015,0.661,-0.165,,0.252,-0.039,-0.284,,0.034,,-0.023,0.393,-0.094,-0.413,1.06,,,0.575,0.36,-0.014,,-0.322,0.581,,0.035,-0.057,0.516,0.399,-0.14,,0.13,0.763,0.173,,0.057,0.57,0.409,0.015,0.184,-0.368,0.119,0.851,-0.09,-0.22,-0.292,-0.212,-0.688,-0.227,0.245,-0.334,,1.24,-0.284,0.025,-0.244,,-0.135,,-0.228,0.578,-0.023,-0.134,0.598,1.4,0.834,0.001,-0.524,0.644,,0.474,1.065,,0.002,0.159,0.057,0.108,-0.014,0.165,0.008,0.928,-0.105,-0.186,-0.218,,,0.331,-0.079,0.032,,,0.146,0.305,0.267,-0.386,,0.739,-0.161,,-0.075,-0.059,0.564,1.576,0.995,-0.034,,-0.166,-0.423,-0.043,-0.068,0.335,0.297,0.268,0.18,,0.137,-0.021,-0.01,,-0.288,0.495,0.356,0.0,0.075,0.38,0.837,,0.168,0.003,0.022,,0.317,0.528,0.033,0.922,0.239,0.277,0.207,-0.017,0.252,-0.1,-0.03,0.212,-0.289,0.052,0.017,-0.139,-0.004,0.116,0.049,,0.27,-0.16,-0.052,-0.1,0.874,0.85,1.271,0.768,0.908,0.116,0.136,-0.184,0.002,0.083,1.039,-0.041,-0.066,-0.102,-0.085,-0.015,0.453,0.029,0.165
Y1962,-0.12,0.339,0.101,-0.08,0.11,-0.139,0.059,-0.227,0.07,-0.058,,0.072,0.123,-0.619,,-0.128,0.418,-0.254,0.09,,,-0.803,-0.2,-0.222,-0.278,0.001,,0.217,-0.18,0.04,-0.068,0.474,-0.251,-0.452,0.263,-0.127,-0.193,-0.124,-0.06,-0.301,-0.263,-0.635,0.215,-0.138,-0.09,-0.09,-0.138,-0.157,,0.069,-0.123,-0.03,-0.026,-0.155,,-0.093,,0.008,0.799,,-0.571,-0.07,-0.15,-0.648,-0.213,0.115,-0.091,-0.246,0.664,-0.189,-0.034,,,0.441,,-0.173,0.401,-0.479,-0.08,-0.333,-0.298,-0.096,-0.186,-0.058,-0.035,-0.062,,-0.751,-0.122,0.521,0.613,0.841,0.041,0.081,-0.143,-0.151,-0.085,-0.151,-0.091,0.098,-0.198,-0.413,-0.25,-0.531,-0.021,0.276,0.919,-0.684,-0.74,0.803,0.045,-0.013,0.118,1.036,,-0.251,-0.143,0.752,,-0.274,,0.847,0.295,-0.09,0.206,-0.475,,,-0.064,-0.167,-0.103,-0.049,-0.174,0.414,,0.118,0.13,-0.076,-0.01,0.189,,0.256,-0.032,-0.104,,0.07,0.415,0.074,-0.074,-0.09,,-0.449,-0.91,0.065,0.107,0.602,-0.435,-0.148,-0.267,-0.331,0.377,,-0.785,0.732,0.02,-0.235,,0.797,,0.169,-0.646,-0.16,-0.097,0.146,-0.513,0.54,-0.047,0.47,-0.088,,-0.137,0.171,,-0.254,-0.05,0.07,0.08,-0.096,0.027,-0.071,-0.107,-0.051,0.674,-0.022,,,0.058,-0.075,-0.19,,,0.104,-0.046,0.229,0.224,,0.426,-0.125,,-0.194,-0.161,-1.364,-0.694,-0.351,0.999,,-0.161,-0.058,-0.137,0.089,-0.177,0.313,0.067,1.044,,-0.235,0.134,-0.268,,0.567,-0.73,-0.274,-0.023,0.032,-0.484,0.429,,0.087,-0.132,-0.226,,-0.057,0.47,-0.006,-0.098,-0.165,0.242,0.034,-0.04,-0.12,-0.176,0.129,0.13,-0.12,-0.084,-0.058,0.114,-0.027,-0.139,-0.008,,-0.124,-0.24,-0.089,0.705,0.3,0.405,-0.616,0.262,-0.509,0.14,0.139,0.153,-0.031,-0.143,-0.241,-0.144,-0.148,0.007,-0.186,-0.096,0.161,-0.059,-0.009
Y1963,0.882,0.084,0.045,0.072,-0.755,-0.176,0.283,0.135,0.308,0.146,,-0.041,-0.114,-0.721,,-0.125,0.648,-0.081,0.197,,,-1.171,-0.14,0.173,-0.213,0.449,,-0.457,0.149,0.24,-0.227,-0.257,0.126,-0.03,0.502,-0.32,0.152,0.33,-0.209,0.021,0.275,-1.185,0.018,0.291,0.289,0.289,0.293,-0.21,,-0.071,-0.019,-0.278,0.136,-0.193,,0.164,,-0.138,0.704,,-0.722,-0.121,-0.038,-1.025,0.036,0.199,-0.021,-0.144,0.655,-0.169,0.264,,,-0.195,,0.149,-0.286,-0.057,-0.043,-0.4,-0.949,-0.087,-0.083,-0.508,0.259,0.117,,-1.084,0.144,0.039,0.297,0.31,0.184,0.254,-0.122,0.143,0.144,-0.224,-0.096,-0.12,-0.266,-0.456,-0.065,-0.064,-0.142,0.701,0.46,-0.772,-0.816,0.817,-0.343,-0.085,-0.063,0.825,,-0.168,-0.076,0.478,,-0.427,,0.753,0.043,0.138,0.206,-0.767,,,-0.299,-0.378,-0.144,,0.185,-0.135,,0.186,0.098,-0.115,-0.214,0.229,,0.721,-0.605,1.174,,0.308,0.109,-0.366,-0.134,0.074,,-0.176,-1.27,0.088,-0.188,-0.339,-0.274,0.438,0.248,-0.442,0.081,,-0.136,0.399,0.118,0.425,,0.822,,-0.068,0.903,0.061,-0.33,0.219,-0.883,-0.071,0.166,0.385,-0.476,,-0.34,-0.299,,-0.023,0.059,0.308,0.197,-0.163,0.221,0.02,-0.379,0.252,0.405,0.085,,,-0.113,0.169,-0.042,,,-0.063,-0.224,0.198,-0.304,,-0.217,-0.055,,0.172,-0.073,-2.245,-0.47,-0.862,0.552,,-0.329,-0.663,0.115,0.13,-0.274,-0.593,-0.202,0.484,,0.168,0.017,-0.208,,0.308,-0.864,-0.273,0.418,0.242,0.309,0.24,,-0.136,-0.086,-0.305,,0.119,0.248,0.168,-0.272,-0.385,-0.453,0.159,0.064,-0.212,0.038,0.192,0.013,0.22,0.253,0.372,0.154,-0.091,0.139,0.266,,0.386,0.272,-0.211,0.412,0.103,0.209,-0.438,-0.188,-0.991,-0.118,-0.122,-0.073,0.058,-0.07,-0.576,0.039,0.316,-0.102,0.072,0.116,0.172,0.149,0.134
Y1964,-0.727,-0.171,0.212,-0.226,0.305,-0.215,0.227,-0.366,0.214,-0.368,,0.118,-0.022,-0.367,,0.131,-0.55,0.105,-0.012,,,-0.214,-0.148,-0.204,0.056,-0.12,,-0.04,-0.235,0.232,-0.051,-0.539,-0.231,-0.142,-0.094,0.147,-0.168,-0.304,,-0.156,-0.198,-0.277,-0.204,-0.021,0.079,0.079,-0.022,0.256,,0.107,0.056,-0.25,-0.12,0.061,,-0.241,,0.081,-0.577,,-0.678,0.224,-0.121,-0.286,-0.293,0.013,0.138,-0.217,-0.365,-0.068,-0.118,,,0.085,,-0.341,-0.082,0.477,0.188,0.336,0.029,-0.076,-0.237,-0.789,-0.126,-0.173,,-0.329,-0.161,0.451,-0.31,0.254,-0.158,0.144,-0.087,-0.185,-0.214,0.124,0.215,0.193,-0.058,-0.871,1.121,0.002,-0.016,-0.723,-0.766,0.155,0.095,-0.639,0.144,-0.016,0.257,-0.61,,-0.423,-0.186,-0.784,,-0.087,,-0.689,0.024,-0.143,-0.095,0.061,,,-0.39,-0.31,-0.014,,-0.141,0.317,,-0.007,0.079,-0.215,-0.176,-0.292,,0.477,0.426,-0.188,,0.214,0.47,-0.138,0.062,-0.076,,0.189,-0.336,0.158,0.184,-0.439,-0.174,-0.252,-0.254,0.109,0.151,,0.351,-0.495,-0.075,-0.356,,-0.645,,0.048,-0.257,-0.241,-0.021,0.282,-0.717,0.526,0.151,-0.465,0.616,,-0.348,-0.793,,-0.118,-0.007,0.214,-0.073,-0.504,-0.158,0.026,-0.084,-0.146,-0.429,-0.192,,,-0.199,-0.16,-0.075,,,0.124,0.015,-0.058,,,0.484,0.053,,-0.451,-0.07,-0.505,0.375,0.141,-0.679,,-0.033,0.055,-0.149,-0.298,0.251,-0.07,0.25,-0.71,,0.347,0.021,-0.265,,-0.35,0.027,-0.409,-0.285,0.226,-0.785,-0.634,,0.25,-0.01,0.071,,0.184,0.74,-0.251,-0.487,-0.277,-0.082,-0.253,-0.153,-0.273,-0.16,-0.083,-0.058,-0.159,-0.251,-0.285,-0.261,0.107,-0.217,-0.166,,-0.026,-0.285,0.003,-0.508,-0.523,-0.638,0.329,0.127,-0.133,-0.03,-0.036,0.066,-0.11,-0.076,-0.032,-0.222,-0.206,0.05,-0.207,-0.204,-0.366,-0.174,-0.19
Y1965,-0.2,-0.392,-0.135,-0.473,-0.5,-0.181,-0.331,-0.099,-0.373,0.063,,-0.237,0.127,-0.882,,0.024,0.241,-0.196,-0.279,,,-0.763,-0.202,-0.054,-0.574,0.285,,0.101,-0.079,-0.322,-0.366,-0.461,-0.135,-0.22,-0.416,-0.201,-0.087,-0.872,,-0.055,-0.115,-0.638,0.119,0.081,0.115,0.115,0.082,-0.139,,-0.122,-0.195,-0.364,-0.186,-0.463,,-0.193,,0.016,-0.176,,-1.008,-0.226,-0.197,-0.612,-0.423,-0.356,-0.35,0.071,-0.07,-0.068,-0.136,,,-0.153,,-0.336,0.178,-0.352,-0.633,-0.258,-0.626,-0.204,-0.186,-0.045,-0.154,-0.509,,-0.814,-0.142,-0.082,-0.327,0.796,-0.324,-0.345,-0.103,-0.093,-0.419,-0.201,-0.333,-0.429,-0.071,-0.881,-0.107,-0.06,-0.256,-0.303,-0.106,-0.558,-0.58,-0.021,-0.426,-0.199,-0.524,0.044,,-0.257,-0.355,0.04,,-0.191,,-0.05,-0.062,-0.273,-0.108,-0.834,,,-0.575,-0.468,-0.267,,-0.286,-0.186,,-0.349,-0.524,-0.16,-0.535,-0.073,,-0.394,-0.456,0.856,,-0.373,-0.309,-0.519,-0.291,-0.086,,-0.398,-0.725,-0.27,-0.788,-0.436,-0.023,0.012,-0.046,-0.508,-0.471,,-0.274,-0.283,-0.207,-0.271,,-0.02,-0.185,-0.527,-0.076,0.216,-0.288,0.269,-1.058,-0.21,-0.327,0.317,-0.178,,-0.45,-0.671,,-0.287,-0.127,-0.373,-0.328,-0.48,-0.324,-0.354,-0.402,-0.117,0.098,-0.432,,,-0.564,-0.296,-0.214,,,-0.478,-0.392,-0.009,0.106,,-0.194,-0.155,,-0.174,-0.087,-0.16,-0.23,-0.788,-0.146,,-0.224,-0.634,-0.039,-0.103,-0.59,-0.252,-0.19,-0.332,,-0.18,-0.28,-0.141,,0.149,-0.573,-0.228,-0.358,-0.294,0.153,-0.413,,-0.589,-0.18,-0.011,,-0.413,-0.43,-0.624,-0.532,-0.41,-0.452,-0.226,-0.197,-0.374,-0.154,-0.153,-0.01,-0.203,-0.304,-0.594,-0.076,-0.142,-0.015,-0.033,,0.159,-0.174,-0.238,-0.112,-0.43,-0.429,-0.314,-0.332,-0.72,0.067,0.108,-0.538,-0.253,-0.303,-0.518,-0.258,0.024,-0.334,-0.224,-0.155,-0.409,-0.092,-0.385
Y1966,0.176,0.551,0.404,0.177,0.403,0.193,0.036,-0.24,0.084,-0.19,,0.05,-0.238,0.605,,-0.198,0.552,0.326,-0.147,,,0.478,-0.309,0.016,0.186,-0.034,,0.436,0.051,-0.003,0.13,1.143,-0.149,0.053,0.177,0.438,0.002,-0.156,-0.151,0.073,-0.033,0.376,-0.154,0.185,0.616,0.616,0.185,0.305,,-0.137,0.136,0.029,0.101,-0.054,,0.111,,-0.324,0.673,,0.708,-0.082,0.109,-0.509,0.007,0.025,-0.064,0.04,0.464,0.072,0.147,,,0.311,,0.071,-0.606,-0.393,-0.276,-1.795,0.418,0.063,0.028,-0.248,0.148,-0.088,,0.408,0.061,0.239,0.79,-0.211,-0.101,0.038,-0.104,0.018,-0.044,0.174,-0.044,0.225,0.02,0.76,-0.508,0.29,0.068,0.717,0.976,-0.04,-0.102,0.628,0.305,0.028,0.021,0.79,,0.142,-0.035,0.786,,0.451,,0.74,0.256,0.049,0.216,0.412,,,0.008,0.176,0.121,0.437,0.034,0.161,,-0.015,0.128,0.024,0.076,-0.252,,-0.053,0.217,0.375,,0.084,0.453,0.141,0.408,0.107,-0.518,0.227,0.276,0.052,-0.626,-0.218,0.149,-0.086,-0.05,-0.409,-0.284,,-1.639,0.22,0.086,-0.137,,0.624,0.165,-0.108,-0.073,0.081,0.179,-0.448,0.556,0.284,0.01,0.361,0.097,,0.023,1.053,,0.04,0.074,0.084,-0.079,0.127,-0.101,0.048,0.389,0.206,0.619,-0.046,,,0.036,-0.022,0.096,,,-0.14,0.17,0.253,-0.344,,0.401,0.202,,-0.012,0.082,-2.357,-1.671,0.463,0.96,,0.418,-0.03,0.077,0.035,-0.391,0.109,0.519,1.426,,-0.04,0.038,-0.017,,0.209,-0.135,0.065,-0.213,-0.006,-0.445,0.897,,-0.294,0.177,0.477,,0.045,0.263,0.087,0.686,0.296,0.223,0.201,0.138,0.124,0.088,0.25,0.248,0.005,-0.101,-0.185,-0.196,-0.179,0.007,0.326,,0.202,0.336,0.235,0.71,0.724,0.894,-1.285,0.468,0.427,-0.231,-0.237,-0.137,0.044,-0.017,0.022,0.088,0.116,-0.059,0.08,0.129,0.27,0.151,-0.166
Y1967,-0.361,-0.084,-0.024,-0.402,0.616,-0.069,-0.281,0.133,-0.259,-0.023,,-0.326,-0.092,0.677,,-0.172,-0.351,-0.215,-0.248,,,0.678,-0.398,-0.212,-0.371,0.42,,-0.451,0.072,-0.3,-0.189,0.02,-0.176,-0.206,-0.155,-0.065,-0.099,-0.451,-0.209,-0.248,-0.369,0.251,-0.119,-0.278,0.032,0.032,-0.279,0.079,,0.097,-0.264,0.186,-0.128,-0.374,,-0.201,,-0.264,-0.75,,0.804,0.146,-0.129,0.821,-0.454,-0.357,-0.221,-0.472,-0.668,-0.369,-0.057,,,-0.293,,-0.402,0.011,-0.121,-0.28,1.093,0.49,-0.221,-0.37,-0.515,-0.109,-0.395,,0.87,-0.193,-0.117,-0.195,-0.364,-0.401,-0.307,-0.394,-0.243,-0.28,-0.242,-0.221,0.121,-0.285,0.601,-0.611,-0.214,-0.138,-0.281,-0.866,-0.017,0.105,-0.897,0.291,-0.209,0.033,-1.008,,0.011,-0.042,-0.634,,-0.104,,-0.905,-0.084,-0.146,-0.597,0.549,,,0.338,0.147,-0.156,-0.163,-0.127,0.127,,-0.371,-0.208,0.161,0.255,-0.108,,0.58,0.433,-0.447,,-0.259,0.001,0.115,-0.051,-0.144,,-0.261,0.763,-0.32,0.046,-0.17,-0.318,-0.351,-0.309,-0.27,0.181,,0.552,0.069,-0.069,-0.3,,-0.899,-0.212,-0.255,0.522,-0.279,-0.138,0.425,1.139,-0.049,-0.23,-0.418,0.161,,0.31,0.286,,-0.223,-0.287,-0.259,-0.372,0.206,-0.401,-0.348,0.372,-0.082,-0.692,-0.433,,,-0.003,-0.135,-0.224,,,-0.149,-0.081,-0.074,-0.153,,0.14,-0.112,,-0.495,-0.274,-0.135,0.828,0.55,-1.013,,-0.037,-0.25,-0.188,-0.282,-0.186,-0.264,0.055,-0.832,,-0.167,-0.202,-0.095,,-0.187,0.222,0.037,0.073,-0.289,0.012,0.102,,-0.085,-0.27,-0.133,,-0.258,0.083,-0.259,0.273,-0.012,-0.049,-0.114,-0.209,-0.042,-0.172,-0.35,-0.179,-0.241,-0.107,-0.195,-0.148,-0.242,-0.001,-0.308,,-0.282,-0.256,-0.11,-0.641,0.174,0.123,0.599,0.149,0.645,-0.104,-0.095,-0.236,-0.061,-0.337,0.53,-0.199,-0.176,-0.246,-0.223,-0.233,-0.011,-0.19,-0.09
Y1968,-0.373,0.071,-0.079,-0.181,0.001,-0.183,-0.24,-0.088,-0.245,0.456,,-0.132,-0.206,0.211,,-0.298,-0.434,-0.228,-0.357,,,-0.021,-0.283,-0.086,-0.463,0.062,,-0.182,-0.384,-0.225,-0.204,0.415,-0.191,-0.222,-0.453,-0.101,-0.128,0.482,-0.336,-0.193,-0.138,-0.009,0.39,-0.411,-0.662,-0.662,-0.409,-0.928,,-0.443,-0.217,-0.409,-0.117,-0.363,,-0.094,,-0.336,-0.02,,0.347,-0.486,-0.169,0.267,-0.49,-0.328,-0.191,-0.39,-0.131,-0.304,-0.054,,,-0.442,,-0.474,0.286,-0.253,-0.095,-1.627,-0.078,-0.185,-0.58,0.822,-0.115,-0.529,,0.204,-0.134,0.014,0.194,-0.26,-0.319,-0.274,-0.359,-0.163,-0.426,-0.264,-0.27,0.002,-0.33,0.39,-0.653,-0.243,0.009,-0.245,-0.325,0.063,0.03,-0.088,0.004,-0.136,-0.492,-0.127,,-0.557,-0.017,-0.268,,-0.159,,-0.067,-0.346,-0.08,-0.043,0.016,,,-0.412,-0.258,-0.097,-0.238,-0.256,-0.022,,-0.326,-0.472,-0.171,-0.361,-0.421,,-0.162,-0.007,-0.799,,-0.245,-0.146,-0.379,-0.17,-0.161,,-0.402,0.165,-0.111,-0.413,-0.074,-0.336,0.102,-0.053,-0.111,-0.025,,-0.934,-0.589,-0.027,-0.454,,-0.076,-0.205,-0.073,-0.002,-0.299,-0.086,-0.348,0.461,0.016,-0.277,-0.702,-0.689,,-0.275,0.433,,-0.052,0.243,-0.245,-0.327,0.061,-0.319,-0.277,-0.051,-0.051,-0.422,-0.492,,,-0.183,-0.073,0.119,,,-0.15,-0.538,-0.381,0.405,,0.08,-0.081,,-0.338,-0.232,-3.252,-0.931,-0.065,-0.199,,-0.124,0.143,-0.097,-0.194,0.027,-0.336,0.005,-0.028,,-0.135,-0.213,-0.265,,-0.746,-0.064,-0.465,-0.082,-0.243,0.403,0.096,,-0.261,-0.219,-0.304,,-0.1,-0.3,-0.255,0.187,-0.134,0.076,-0.12,-0.218,-0.38,-0.16,-0.163,-0.27,-0.167,0.006,0.196,-0.4,-0.281,-0.147,-0.337,,-0.468,-0.283,-0.083,-0.328,0.048,0.109,-0.854,0.09,0.046,-0.195,-0.202,-0.094,-0.024,-0.385,-0.129,-0.264,-0.216,-0.191,-0.265,-0.287,0.058,-0.248,0.013
Y1969,-0.491,-0.024,0.262,0.107,-0.156,0.19,0.276,-0.256,0.239,0.283,,0.423,0.112,-0.124,,-0.11,0.58,0.009,0.317,,,-0.013,0.189,0.319,0.114,0.648,,0.215,0.349,0.322,0.195,-0.486,0.571,0.206,0.625,0.564,0.191,-0.001,0.188,0.107,0.576,0.203,0.192,-0.216,-0.017,-0.017,-0.217,0.014,,0.357,0.343,0.242,0.12,0.024,-0.016,0.324,,0.002,0.143,,-0.205,-0.473,0.135,-0.145,0.171,0.262,0.275,0.417,0.422,0.338,0.102,,,0.406,,0.276,-0.348,-0.348,-0.053,-0.472,0.018,0.447,0.256,0.001,0.129,0.825,,-0.111,0.291,-0.325,-0.071,-0.252,0.307,0.266,0.382,0.463,0.719,0.45,0.177,-0.041,0.314,-0.27,-0.948,0.3,0.172,-0.343,0.183,-0.272,-0.293,0.274,-0.118,0.228,-0.039,0.387,,0.145,0.357,0.373,,0.499,,0.241,0.509,0.101,0.752,-0.014,,,0.414,0.337,0.217,0.233,0.696,-0.13,,0.274,0.566,0.335,0.244,0.178,,-0.255,-0.253,-0.857,,0.239,-0.002,0.292,0.195,0.226,,0.068,-0.002,0.398,-0.153,-0.37,0.269,0.748,0.359,,-0.384,,-0.169,0.371,-0.05,0.264,,0.27,0.153,0.112,0.468,0.505,0.138,-0.239,-0.489,-0.366,0.381,0.52,-0.305,,0.184,-0.595,,0.211,0.036,0.239,0.296,0.557,0.307,0.162,-0.124,0.126,0.525,0.767,,,0.174,0.26,0.369,,,0.231,0.053,0.284,0.297,,-0.308,0.217,,0.398,0.492,-1.74,-0.211,-0.081,0.146,,0.465,0.274,0.277,0.131,-0.185,0.476,-0.003,-0.069,,0.269,0.26,0.121,,0.425,-0.209,0.355,-0.274,0.327,0.162,-1.178,,0.042,0.505,0.548,,-0.217,0.365,0.249,-0.22,0.236,0.202,-0.09,0.354,0.253,0.231,0.406,0.254,0.56,0.11,-0.138,0.195,0.119,0.374,-0.017,,-0.299,0.045,0.271,0.328,-1.01,-1.15,-0.302,-0.221,-0.04,0.096,0.096,0.102,0.076,0.162,-0.244,0.334,0.239,0.241,0.321,0.266,-0.526,0.223,-0.068
Y1970,0.858,-0.129,0.075,-0.049,0.107,0.223,-0.008,-0.133,-0.003,0.439,,0.182,0.002,-0.55,,-0.483,0.278,-0.028,0.083,,,-0.472,-0.26,0.318,-0.027,0.344,,0.623,0.123,0.007,-0.012,0.201,0.352,0.331,0.608,0.062,0.167,0.427,-0.123,0.237,0.203,0.082,0.215,-0.309,-0.414,-0.414,-0.309,-0.328,,0.003,0.054,0.101,0.158,0.306,-0.441,0.266,,-0.39,0.474,,-0.741,-0.398,0.221,-1.212,0.017,0.004,-0.05,-0.103,-0.073,-0.049,0.235,,,0.538,,0.385,0.203,-0.516,0.135,-0.626,-0.1,0.215,0.218,0.194,0.154,0.39,,-0.834,0.292,-0.069,0.283,-0.225,0.081,-0.003,-0.131,0.341,0.337,0.404,-0.121,-0.193,-0.03,-0.503,-0.696,0.034,0.145,0.982,0.638,0.053,0.043,0.225,-0.169,-0.257,-0.37,0.257,,0.246,0.109,0.526,,-0.051,,0.405,0.527,0.283,-0.215,-0.554,,,0.252,0.16,0.079,,0.404,-0.129,,0.011,0.67,0.331,0.26,-0.299,,-0.077,-0.05,-0.301,,-0.003,0.092,0.218,-0.019,0.482,,0.076,-0.586,0.164,0.466,0.594,-0.178,0.06,0.207,,0.426,,-0.691,0.957,0.108,0.607,,0.227,0.127,0.175,0.337,-0.046,0.223,0.409,-1.284,0.045,0.015,0.142,-0.508,,0.27,-0.064,,0.252,-0.258,-0.003,0.049,0.944,0.081,0.204,-0.117,0.188,0.395,0.539,,,0.285,0.331,0.113,,,0.139,0.108,0.357,0.022,,0.117,0.115,,0.211,0.227,-0.19,-1.099,-0.49,0.63,,0.012,0.439,0.301,-0.342,0.354,0.163,-0.187,0.855,,-0.068,0.013,0.021,,0.287,-0.075,0.197,-0.031,-0.008,0.408,0.327,,0.306,0.166,-0.061,,0.048,0.521,0.374,-0.314,0.343,0.416,0.153,0.221,0.26,0.21,0.048,0.457,0.33,0.159,0.194,-0.261,-0.244,0.184,0.073,,-0.313,0.418,0.077,0.534,0.189,0.291,-0.68,-0.026,-0.415,0.032,0.022,0.185,0.108,0.218,-0.399,0.266,0.23,0.149,0.253,0.22,0.175,0.136,0.061
Y1971,0.617,-0.219,-0.409,-0.428,-0.331,-0.129,-0.309,0.28,-0.292,-0.264,,-0.375,-0.04,-0.061,,-0.035,-0.207,-0.579,-0.218,,,-0.02,-0.157,-0.254,-0.229,-0.439,,-0.105,-0.175,-0.315,-0.236,-0.148,-0.04,-0.182,-0.133,-0.456,-0.121,-0.024,-0.107,-0.079,-0.244,0.033,-0.353,0.035,-0.203,-0.203,0.036,-0.226,,-0.347,-0.394,-0.507,-0.086,-0.028,-0.56,-0.124,,0.031,-0.227,,-0.012,-0.292,-0.13,0.264,-0.269,-0.324,-0.366,-0.495,-0.217,-0.265,-0.12,,,0.009,,-0.345,-0.223,0.238,0.17,-0.446,-0.168,-0.37,-0.241,0.406,-0.063,-0.062,,0.032,-0.15,-0.832,-0.209,-0.786,-0.437,-0.312,-0.111,-0.12,-0.061,-0.442,-0.183,-0.297,-0.112,-0.06,-0.019,-0.483,-0.164,0.106,-0.233,0.336,0.309,-0.318,-0.167,-0.382,-0.324,-0.387,,-0.217,-0.441,-0.167,,-0.43,,-0.263,-0.005,-0.132,-0.254,-0.08,,,-0.221,-0.302,-0.247,,0.015,-0.245,,-0.303,-0.356,-0.365,-0.679,-0.061,,0.108,-0.034,-0.025,,-0.292,-0.764,-0.131,-0.374,-0.102,,-0.561,0.052,-0.366,0.137,0.678,-0.275,-0.087,-0.062,,0.358,,-0.079,0.086,-0.228,0.233,,-0.313,-0.258,-0.025,-0.355,-0.482,-0.319,0.098,0.136,-0.902,-0.332,-0.253,-0.209,,-0.431,-0.037,,-0.179,-0.206,-0.292,-0.337,0.261,-0.437,-0.351,-0.158,-0.091,-0.422,-0.061,,,-0.442,-0.151,-0.116,,,-0.131,-0.257,-0.163,0.189,,-0.762,-0.346,,-0.253,-0.454,-1.309,0.026,-0.075,-0.177,,-0.46,0.279,-0.222,-0.232,0.139,-0.254,-0.183,0.042,,-0.174,-0.409,-0.169,,-0.278,0.25,-0.276,-0.416,-0.325,-0.303,0.355,,0.049,-0.381,-0.439,,-0.046,-0.623,-0.217,-0.161,-0.251,-0.062,-0.092,-0.208,-0.238,-0.141,-0.329,-0.129,-0.116,-0.24,-0.227,-0.096,-0.133,-0.277,-0.122,,0.01,-0.148,-0.29,-0.253,0.264,0.342,-0.046,-0.451,-0.079,-0.016,-0.016,-0.017,-0.294,-0.238,-0.166,-0.18,-0.116,-0.173,-0.188,-0.186,0.044,-0.188,-0.155
Y1972,-1.131,-0.09,-0.357,0.062,-0.5,-0.064,-0.234,0.621,-0.261,-0.009,,-0.075,0.099,0.106,,0.432,-0.525,-0.015,-0.058,,,-0.177,0.608,0.014,-0.022,0.208,,-0.446,0.069,-0.192,0.026,0.128,0.13,0.272,0.08,0.04,0.056,-1.793,0.307,0.034,0.203,-0.373,-0.119,0.013,-0.157,-0.157,0.014,-0.155,,-0.268,-0.01,-0.037,-0.048,0.021,0.095,0.015,,0.402,-0.576,,0.341,-0.181,0.086,0.286,0.122,-0.179,-0.117,0.567,-0.014,0.388,-0.071,,,-0.372,,0.038,-0.505,0.663,-0.197,0.941,-0.333,-0.034,0.216,-0.134,-0.077,0.307,,-0.016,0.031,-0.882,-0.171,-0.843,-0.233,-0.216,0.474,0.214,0.268,0.033,0.025,-0.228,0.309,0.395,0.751,0.014,-0.047,-0.935,-0.819,-0.268,-0.19,-0.468,-0.147,-0.06,0.236,-0.592,,0.206,-0.275,-0.773,,0.028,,-0.622,-0.077,0.014,0.124,0.075,,,-0.056,-0.03,0.028,0.236,0.298,-0.274,,-0.147,-0.094,0.067,-0.115,0.305,,,-0.148,0.244,,-0.261,-1.294,-0.28,0.006,0.087,,0.016,-0.119,-0.124,-0.2,0.109,0.14,0.339,0.127,-0.135,-0.107,,0.937,-0.097,-0.146,-0.492,,-0.457,0.083,-0.347,0.445,0.343,0.042,-0.293,0.483,-0.929,-0.119,-0.417,-0.091,,0.06,0.366,,0.214,0.456,-0.261,-0.159,-1.281,-0.233,0.003,-0.08,-0.047,-0.533,0.348,,,-0.185,0.154,0.145,,,-0.335,0.232,0.098,-0.653,,-0.851,-0.106,,0.126,0.014,2.386,0.79,-0.063,-0.92,,0.064,-0.018,0.094,0.224,-0.054,-0.124,-0.283,-0.726,,-0.089,-0.192,0.119,,-0.443,-0.059,0.014,-0.249,-0.191,0.28,-0.211,,-0.308,-0.008,0.013,,-0.121,-1.089,0.032,0.117,-0.152,-0.397,-0.195,-0.002,-0.025,0.059,-0.146,-0.029,0.166,-0.448,-1.028,0.296,0.177,0.085,-0.164,,0.048,-0.395,-0.003,-0.515,-0.148,-0.189,0.668,-0.422,-0.175,0.072,0.099,-0.335,-0.186,0.092,0.041,0.037,0.061,-0.085,0.015,0.016,-0.43,-0.022,-0.527
Y1973,0.22,-0.299,-0.01,0.328,0.016,0.448,0.045,0.011,0.095,-0.157,,0.141,0.858,-0.032,,0.298,-0.182,0.166,-0.04,,,0.182,0.539,0.55,0.331,0.25,,0.641,0.427,-0.013,0.436,-0.432,0.655,0.47,0.344,0.356,0.569,0.308,0.381,0.516,0.717,0.13,-0.034,0.411,0.42,0.42,0.411,0.502,0.435,0.07,0.337,0.173,0.495,0.505,0.111,0.629,,0.371,-0.355,,0.109,0.61,0.46,0.671,0.693,0.067,0.333,0.086,-0.283,0.46,0.463,,,0.179,,0.481,0.219,-0.06,0.42,1.147,0.049,0.164,0.39,0.019,0.468,0.68,,0.188,0.569,-0.152,-0.35,-0.987,-0.021,0.06,0.527,0.583,0.583,0.104,0.435,-0.027,0.57,-0.027,-0.16,0.342,0.268,-0.185,-0.264,0.36,0.294,-0.448,0.024,0.272,0.339,-0.467,,0.516,0.152,-0.251,,0.525,,-0.498,0.142,0.489,-0.096,-0.023,,,0.127,0.228,0.305,0.601,0.516,0.023,,0.06,0.457,-0.1,0.284,-0.166,,0.033,0.253,0.707,,0.095,0.041,0.21,0.277,0.617,0.564,0.244,0.29,0.105,0.807,0.178,0.406,0.449,0.858,0.631,0.739,,0.922,-0.169,0.007,0.087,,-0.441,0.182,0.175,0.092,0.177,0.32,-0.32,0.419,-0.09,0.139,0.077,0.515,,0.134,-0.233,,0.538,-0.136,0.095,0.013,-0.811,-0.021,0.319,-0.014,0.458,-0.184,0.679,,,0.305,0.508,0.225,,,0.197,0.534,0.332,0.181,,-0.187,0.414,,0.494,0.153,0.53,1.147,-0.058,-0.394,,0.389,0.922,0.493,0.22,0.381,0.175,-0.056,-0.479,,0.123,0.098,0.388,,0.047,0.199,0.315,-0.018,0.018,-0.096,0.154,,0.567,0.333,0.462,,0.36,0.008,0.316,-0.265,0.351,0.589,0.275,0.377,0.382,0.523,0.091,0.484,0.566,0.173,0.128,-0.044,0.337,0.251,0.251,,0.451,0.162,0.323,-0.195,0.173,0.15,0.823,-0.166,0.097,0.795,0.835,0.215,0.056,0.369,0.249,0.441,0.489,0.237,0.438,0.408,0.245,0.296,0.292
Y1974,-0.487,-0.139,-0.49,-0.177,-0.393,-0.196,-0.456,0.169,-0.448,-0.123,,-0.608,-0.345,0.315,,0.064,-0.176,-0.134,-0.378,,,0.167,0.255,0.01,0.183,-0.21,,-0.712,-0.199,-0.467,-0.259,-0.199,-0.096,-0.077,-0.296,-0.339,-0.06,-0.844,-0.184,-0.085,-0.014,-0.076,-0.167,-0.01,-0.345,-0.345,-0.009,-0.356,-0.138,-0.369,-0.326,-0.338,-0.081,-0.123,-0.431,-0.027,,0.038,-0.212,,0.385,-0.483,-0.084,0.586,-0.101,-0.492,-0.452,-0.323,-0.13,-0.229,-0.151,,,-0.153,,-0.19,0.211,0.489,0.168,1.127,-0.094,-0.385,-0.258,-0.045,-0.086,-0.2,,0.32,0.003,-0.388,-0.179,0.305,-0.549,-0.469,-0.234,-0.07,-0.14,-0.298,-0.31,-0.275,-0.263,0.269,0.459,0.014,-0.143,-0.66,-0.398,-0.216,-0.203,-0.234,-0.132,0.142,-0.474,-0.238,,-0.114,-0.155,-0.31,,-0.387,,-0.203,-0.081,0.009,-0.153,0.18,,,-0.317,-0.303,-0.23,-0.118,-0.428,-0.208,,-0.494,-0.712,-0.695,-0.401,-0.087,,0.144,-0.109,0.211,,-0.448,-0.48,-0.294,-0.244,-0.747,0.221,0.165,0.235,-0.548,0.254,0.348,-0.3,0.016,0.145,0.147,,,0.97,-0.134,-0.116,-0.205,,-0.225,-0.399,0.05,-0.268,-0.262,-0.054,-0.045,0.489,-0.466,-0.452,-0.116,-0.806,,-0.526,-0.106,,-0.002,0.263,-0.448,-0.501,-0.984,-0.549,-0.262,-0.054,-0.108,-0.146,-0.458,,,-0.392,-0.014,-0.167,,,0.1,-0.037,-0.265,0.197,,-0.462,-0.26,,-0.198,-0.35,1.597,0.938,0.089,-0.162,,-0.446,-0.348,-0.076,-0.086,0.035,-0.36,-0.246,-0.325,,-0.121,-0.412,-0.092,,-0.212,-0.066,-0.164,0.08,-0.461,-0.029,-0.027,,0.262,-0.296,-0.397,,0.124,-0.573,-0.127,0.015,-0.44,-0.521,-0.181,-0.237,-0.236,-0.09,-0.29,-0.508,-0.206,-0.286,-0.376,-0.127,-0.144,-0.209,-0.132,,-0.007,-0.231,-0.233,-0.202,0.02,-0.018,0.745,-0.258,0.098,-0.297,-0.322,0.068,-0.125,-0.208,0.172,-0.208,-0.182,-0.102,-0.15,-0.212,-0.177,-0.183,-0.274
Y1975,-0.468,-0.207,-0.571,0.017,0.233,-0.048,-0.45,0.177,-0.496,-0.056,,-0.368,0.061,0.862,,0.451,-0.158,-0.074,-0.604,,,0.945,0.141,-0.302,0.132,-0.089,,-0.24,-0.131,-0.374,0.004,0.387,-0.327,,,-0.02,-0.183,0.229,0.199,-0.06,-0.142,0.64,-0.143,0.276,0.156,0.156,0.276,0.244,-0.214,-0.45,-0.294,-0.148,-0.14,-0.179,-0.218,-0.134,,0.475,-0.252,,1.075,0.919,-0.107,1.336,0.226,-0.497,-0.058,-0.448,-0.503,0.104,-0.186,,,-0.283,,-0.114,0.128,-0.037,0.175,1.9,0.469,-0.322,-0.154,0.169,-0.141,-0.122,,1.1,-0.196,-0.167,-0.237,-1.094,-0.492,-0.473,0.217,-0.254,-0.162,-0.229,0.258,-0.181,0.134,0.864,-0.486,-0.317,-0.108,-0.207,-0.253,0.697,0.694,-0.385,0.057,0.252,0.044,-0.468,,-0.092,-0.257,-0.23,,0.266,,-0.226,-0.12,-0.123,-0.431,0.688,,,-0.28,-0.194,-0.01,-0.312,-0.473,-0.342,,-0.501,-0.346,-0.124,0.02,-0.322,,0.14,0.149,0.507,,-0.496,-0.251,-0.199,0.13,-0.022,-0.096,-0.106,1.038,-0.405,0.169,0.572,0.095,-0.392,-0.261,-0.023,,,1.058,-0.223,-0.285,-0.595,,-0.374,-0.291,0.061,-0.086,-0.257,0.074,0.051,1.461,-0.113,-0.297,-0.241,0.575,,-0.046,0.794,,,0.361,-0.496,-0.512,-0.737,-0.492,-0.071,0.24,-0.125,-0.279,-0.254,,,-0.185,-0.08,-0.001,,,0.047,0.094,-0.158,0.172,,-0.118,-0.171,,-0.088,-0.333,0.412,1.577,0.621,-0.161,,0.111,,-0.232,-0.096,0.006,-0.348,-0.26,-0.121,,0.23,-0.349,-0.022,,-0.297,0.6,-0.066,-0.387,-0.39,0.037,0.858,,0.034,-0.247,0.187,,-0.025,-0.235,0.014,0.322,-0.16,-0.299,0.09,-0.23,-0.124,-0.107,-0.359,-0.134,-0.333,-0.125,-0.093,-0.245,0.247,-0.149,0.018,,0.308,-0.321,0.018,-0.212,0.838,0.864,1.2,-0.006,0.744,0.077,0.078,0.067,-0.275,-0.102,0.77,-0.157,-0.127,-0.011,-0.204,-0.148,0.383,-0.12,0.046
Y1976,-0.292,-0.685,-0.831,-0.129,-0.059,-0.333,-0.543,-0.634,-0.549,-0.361,,,-0.5,0.216,,-0.257,-0.444,-0.096,-0.463,,,0.748,-0.217,-0.23,-0.033,-0.167,,-0.787,-0.187,-0.522,-0.059,-0.845,-0.333,,-0.049,-0.45,-0.158,0.087,-0.188,-0.117,0.271,0.646,-0.305,-0.395,-0.776,-0.776,-0.394,-0.534,-0.34,-0.264,-0.207,-0.087,-0.268,-0.192,0.023,-0.305,,-0.228,-0.738,,0.032,-0.299,-0.199,0.301,0.04,-0.535,-0.44,0.181,-0.316,-0.149,-0.34,,,-0.383,,0.006,-0.223,0.493,-0.033,-0.869,0.353,-0.166,-0.147,0.006,-0.353,-0.021,,0.469,-0.321,-0.456,-0.895,-0.262,-0.21,-0.541,-0.299,-0.254,-0.085,-0.207,-0.449,-0.43,-0.172,-0.269,0.309,-0.023,0.012,-0.542,-0.789,0.556,0.658,-0.542,-0.332,-0.352,-0.501,-0.683,,0.194,-0.238,-0.632,,-0.482,,-0.62,-0.388,-0.199,-0.537,0.301,,,-0.048,-0.072,-0.157,0.021,-0.399,-0.665,,-0.518,-0.611,-0.005,,-0.474,,-0.478,-0.003,-0.183,,-0.549,-0.846,-0.161,-0.388,-0.59,,-0.001,0.71,-0.528,0.085,-0.526,-0.106,0.303,0.074,0.303,-0.192,,-0.039,0.222,-0.312,-0.308,,-0.531,-0.055,-0.273,-0.364,-0.096,-0.144,-0.312,-0.291,-0.383,-0.503,-0.528,-0.489,,0.172,-0.823,,,0.324,-0.549,-0.386,-0.162,-0.21,-0.201,-0.43,-0.362,-0.37,-0.076,,,-0.103,-0.197,,,,-0.097,0.2,-0.522,0.073,,-0.398,-0.054,,0.034,-0.055,0.925,-0.109,0.365,-0.808,,-0.493,,-0.288,0.043,-0.243,0.007,-0.648,-1.151,,-0.36,-0.204,0.03,,-0.543,0.724,-0.04,-0.124,-0.531,-0.333,-0.653,,-0.05,-0.3,-0.514,,-0.121,-0.999,-0.089,-0.547,-0.357,-0.474,-0.311,-0.26,-0.064,-0.133,-0.458,-0.598,-0.179,-0.133,-0.021,-0.405,-0.32,-0.217,-0.328,,-0.37,-0.214,-0.213,-0.501,-0.559,-0.645,-0.059,-0.467,0.406,-0.484,-0.501,-0.238,-0.289,-0.161,-0.137,-0.125,-0.162,-0.217,-0.092,-0.183,-0.368,-0.268,-0.193
Y1977,0.529,0.552,0.546,0.163,-0.111,0.24,0.016,0.25,0.058,0.395,,,0.19,0.498,,0.085,0.392,-0.264,-0.074,,,0.145,0.362,0.334,-0.042,0.292,,0.228,0.238,-0.019,0.021,0.563,0.259,,0.262,0.035,0.307,1.082,0.456,0.257,-0.014,-0.132,0.3,-0.058,0.155,0.155,-0.059,0.237,-0.05,0.013,0.242,0.436,0.219,0.243,0.351,0.337,,0.078,0.107,,0.468,0.152,0.244,-0.015,0.304,0.029,0.311,0.241,-0.136,0.548,0.165,,,0.347,,0.156,-0.089,-0.327,-0.007,-0.222,0.007,0.099,0.344,-0.159,0.194,0.55,,0.282,0.329,-0.123,0.352,0.758,-0.008,0.026,0.339,0.193,0.403,0.218,0.338,0.301,0.412,0.556,-0.329,0.142,0.086,0.407,0.31,-0.283,-0.343,0.043,0.28,,-0.15,0.084,,0.156,0.123,0.374,,0.024,,0.123,0.344,0.262,0.256,0.274,,,0.317,0.474,0.114,-0.018,0.331,0.34,,0.025,0.591,0.532,,0.022,,-0.847,-0.046,0.085,,0.058,0.072,0.448,-0.052,0.148,-0.505,-0.006,0.158,0.263,0.017,-0.397,0.343,-0.341,0.331,0.143,-0.266,,-0.55,0.566,0.036,0.349,,0.049,0.273,-0.083,0.736,0.204,0.27,-0.641,0.427,-0.29,0.049,0.319,0.113,,0.748,0.522,,,-0.067,0.058,-0.001,-0.054,-0.008,0.142,0.342,0.18,0.198,0.559,,,0.288,0.186,0.3,,,0.123,0.35,0.152,-0.152,,-0.192,0.109,,0.042,0.216,-0.271,-0.463,0.174,0.216,,0.102,0.423,0.393,0.033,-0.013,0.092,0.716,0.192,,0.207,-0.202,0.206,,0.406,-0.328,0.292,0.4,-0.016,0.499,0.224,,0.008,0.365,-0.093,-0.376,-0.143,0.061,0.389,0.674,0.469,0.404,0.271,0.232,0.31,0.195,0.221,0.171,0.233,0.499,0.746,0.092,0.161,0.285,0.101,,-0.038,0.256,0.064,0.256,0.189,0.234,-0.385,0.148,0.149,0.156,0.17,-0.064,0.059,0.216,0.038,0.206,0.188,0.096,0.21,0.197,0.378,0.195,0.448
Y1978,0.137,-0.788,0.045,0.03,-0.173,0.002,0.025,-0.118,0.044,0.333,,0.248,0.078,-0.474,,0.163,0.161,-0.205,0.228,,,-0.275,0.215,-0.061,-0.215,0.34,,-0.114,0.011,-0.002,0.129,-0.717,0.198,0.334,0.714,0.213,0.055,-0.603,0.253,0.091,-0.094,0.042,0.318,0.237,-0.002,-0.002,0.238,0.045,-0.193,-0.414,0.144,0.21,0.093,0.19,0.047,0.12,,-0.026,-0.057,,-0.553,0.691,0.123,0.145,0.333,0.075,0.276,0.17,-0.299,0.192,-0.037,,,0.259,,0.117,0.228,-0.128,0.092,-0.52,-0.226,0.135,0.031,0.492,0.06,0.466,,-0.175,0.083,0.245,-0.534,-0.689,0.139,0.046,0.221,0.19,0.33,0.044,0.188,-0.608,0.309,-0.86,-0.044,-0.165,0.112,0.29,0.146,0.255,0.206,-0.048,-0.54,,0.236,0.079,,-0.006,0.223,0.027,,0.177,,0.063,0.154,0.204,-0.344,-0.351,,,0.441,0.236,0.266,-0.17,0.33,-0.572,,0.088,0.51,0.321,0.372,0.196,,,-0.416,0.924,,0.044,0.368,0.334,0.091,-0.1,0.271,-0.398,-0.072,0.165,0.158,0.378,0.386,0.211,0.027,0.294,-0.137,,-0.101,0.133,0.074,-0.018,,-0.042,0.098,0.198,0.722,0.122,0.194,-0.181,-0.231,0.155,0.177,0.212,0.783,,0.33,-0.841,,0.334,0.067,0.044,0.13,-0.351,0.139,0.062,-0.583,0.102,-0.208,0.519,,,0.426,0.209,0.353,,,0.216,0.236,0.038,0.323,,0.073,0.161,,0.073,0.177,-0.785,-0.075,-0.363,0.209,,0.281,0.898,-0.029,0.026,0.196,0.284,-0.277,-0.053,,0.613,-0.081,0.177,,0.052,0.065,0.064,0.046,0.034,0.113,-0.141,,0.14,0.291,0.053,-0.053,-0.029,0.412,0.426,-0.813,0.043,-0.048,0.004,0.077,0.155,0.045,-0.045,-0.035,0.25,-0.064,-0.29,0.206,0.101,0.148,0.162,,0.338,-0.007,0.151,-0.023,-0.166,-0.157,-0.13,-0.314,-0.229,0.095,0.088,0.193,0.121,0.066,-0.255,0.157,0.262,0.162,0.113,0.163,-0.165,0.125,-0.136
Y1979,0.334,0.244,0.687,0.328,0.047,0.26,-0.083,-0.234,0.013,0.236,,,0.368,-0.111,,0.245,0.921,0.459,0.022,,,-0.631,0.767,0.487,0.356,0.163,,0.471,-0.007,-0.167,0.211,0.161,0.428,,0.93,0.415,0.388,-0.215,0.258,0.425,0.47,-0.566,0.242,0.293,0.009,0.009,0.294,0.074,0.135,-0.037,0.218,0.222,0.373,0.195,0.041,0.53,,0.274,0.583,,-0.183,0.645,0.392,-1.192,0.258,0.133,0.104,0.378,0.552,0.464,0.309,,,0.288,,0.488,0.644,-0.893,0.228,-0.749,-0.198,0.284,0.204,0.68,0.357,0.662,,-0.641,0.586,0.409,0.206,0.497,0.316,0.011,0.451,0.5,0.515,0.39,0.101,0.079,0.48,0.055,-1.36,0.281,0.186,0.694,1.246,-0.689,-0.781,0.637,0.012,,0.462,0.811,,0.06,0.146,1.28,,0.5,,0.738,0.345,0.478,0.326,-0.079,,,0.198,0.097,0.365,0.081,0.634,0.064,,0.142,0.93,0.346,0.298,-0.044,,,-0.023,0.959,,0.013,0.512,0.087,0.496,0.344,0.193,0.295,-0.909,0.17,0.064,0.304,0.363,0.732,0.545,0.236,-0.004,,-1.068,0.122,0.153,-0.078,,0.64,0.146,0.121,0.125,0.281,0.35,-0.473,-0.769,0.163,-0.019,0.837,0.593,,0.398,0.143,,,0.009,0.013,0.197,0.422,0.316,0.218,0.022,0.345,0.885,0.828,,,0.296,0.496,0.393,,,0.253,0.06,0.3,0.308,,0.25,0.403,,0.62,0.221,-1.116,-1.091,-0.068,0.955,,0.584,0.391,0.47,0.396,0.269,0.417,0.535,0.91,,-0.011,0.099,0.4,,0.445,-0.788,-0.101,-0.297,-0.152,0.132,0.257,,0.092,0.354,0.34,0.254,0.154,0.552,0.556,0.141,0.212,0.156,0.225,0.444,0.174,0.382,0.561,0.351,0.666,-0.06,-0.243,0.042,0.198,0.125,0.448,,0.393,0.355,0.34,0.826,0.138,0.238,-0.972,0.164,-0.369,0.351,0.366,0.129,0.151,0.213,-0.361,0.441,0.496,0.23,0.409,0.44,0.049,0.35,-0.086
Y1980,0.583,-0.376,0.278,0.305,-0.198,0.247,0.582,0.565,0.558,0.342,,0.888,0.862,-0.272,,0.371,0.418,0.107,,,,-0.042,0.768,0.413,0.05,0.215,,-0.069,0.303,0.617,0.268,-0.443,0.796,,0.957,0.338,0.35,0.921,0.528,0.459,0.357,-0.175,0.328,0.247,0.221,0.221,0.247,0.233,0.348,-0.005,0.453,0.228,0.263,0.343,0.423,0.461,,0.437,-0.312,,-0.559,0.009,0.295,-0.442,0.882,0.276,0.652,0.395,-0.131,0.512,0.256,,,-0.077,,0.635,0.186,0.021,0.228,-0.374,-0.227,0.37,0.311,0.496,0.26,0.861,,-0.187,0.465,0.326,-0.354,0.919,0.215,0.462,0.569,0.636,0.677,0.417,0.591,-0.568,0.541,-0.611,0.282,0.384,0.213,0.552,0.035,-0.059,-0.033,-0.172,-0.433,0.645,-0.198,-0.076,,0.576,0.19,0.454,,0.47,,-0.184,0.226,0.351,-0.088,-0.157,,,0.279,0.219,0.303,0.18,0.963,-0.482,,0.258,0.857,0.388,0.43,0.4,,,-0.35,0.466,,0.558,0.601,0.046,0.264,0.134,-0.026,0.168,0.006,0.763,0.271,-0.009,0.718,0.539,0.393,0.16,-0.051,,-0.31,-0.011,0.207,0.399,,-0.17,0.423,0.204,0.153,0.401,0.124,-0.133,-0.762,0.274,0.462,0.509,-0.468,,0.101,-0.648,,,0.255,0.558,0.234,-0.247,0.215,0.269,-0.465,0.205,0.073,0.967,,,0.33,0.353,0.517,,,0.193,0.743,0.216,-0.311,,0.159,0.489,,0.52,0.361,-0.118,-0.57,-0.199,-0.14,,0.498,0.458,0.399,0.331,0.235,,-0.065,-0.096,,0.368,0.129,0.724,,0.365,-0.028,0.419,0.413,0.577,0.565,-0.017,,0.144,0.511,0.288,0.19,0.193,0.472,0.845,-0.375,0.111,-0.059,0.33,0.366,0.391,0.314,0.242,0.127,0.67,0.509,0.675,0.436,0.508,0.335,0.28,,0.253,0.435,0.279,0.117,-0.068,-0.041,-0.308,-0.136,-0.202,0.792,0.833,0.205,0.2,0.281,-0.3,0.48,0.42,0.349,0.473,0.431,0.324,0.334,0.546
Y1981,0.469,-0.302,0.247,0.18,0.167,-0.063,0.419,0.706,0.472,0.356,,0.627,0.456,0.281,,-0.041,0.476,-0.173,,,,0.198,0.049,0.198,0.211,0.172,,-0.459,0.183,0.39,0.097,-0.036,0.302,,0.759,0.282,0.069,1.565,-0.083,-0.009,0.116,0.201,0.353,0.217,0.344,0.344,0.217,0.1,,-0.288,0.169,0.114,-0.194,0.215,0.052,0.264,,-0.073,0.061,,0.285,-0.595,0.102,0.295,0.178,0.332,0.456,0.013,-0.3,0.137,0.006,,,-0.359,,0.271,0.186,-0.385,0.218,-0.237,0.087,0.326,0.15,0.496,-0.189,0.698,,0.294,0.206,0.384,-0.162,-0.36,0.295,0.392,0.092,0.342,0.522,0.532,0.414,-0.49,0.203,0.159,-1.022,0.04,0.154,0.689,0.227,0.374,0.289,-0.186,-0.299,0.903,-0.633,-0.115,,0.194,0.253,0.39,,0.457,,0.058,-0.272,0.087,-0.047,0.052,,,0.049,-0.206,0.235,0.128,0.361,-0.341,,0.306,0.8,0.173,0.298,0.17,,,-0.067,0.215,,0.472,0.507,-0.228,0.263,-0.037,0.108,-0.043,0.336,0.6,0.208,0.412,0.226,0.054,0.2,-0.039,0.175,,-0.493,0.192,0.171,0.228,,-0.182,0.207,0.298,0.441,0.076,0.221,-0.072,0.433,0.542,0.425,0.535,-0.777,,,0.035,,,0.084,0.472,0.295,0.962,0.295,0.07,-0.332,0.053,0.122,0.793,,,0.242,0.209,0.393,,,0.476,-0.047,-0.35,0.447,,0.321,0.281,,0.215,0.234,-1.065,-0.23,-0.017,0.177,,0.307,0.801,0.186,0.276,0.174,0.413,0.204,0.399,,0.357,-0.002,0.536,,0.25,0.167,0.344,0.867,0.378,0.52,0.807,,0.126,0.338,0.425,0.759,0.155,0.644,0.058,-0.16,-0.169,-0.383,0.439,0.104,0.066,0.033,0.138,-0.276,0.337,0.698,1.193,0.168,0.189,0.228,0.207,,0.172,0.264,0.241,0.176,0.662,0.784,-0.244,0.039,0.177,0.444,0.455,0.298,0.196,0.121,0.087,0.18,0.129,0.317,0.17,0.151,0.811,0.17,0.787
Y1982,-0.35,0.247,0.427,0.281,1.037,0.152,-0.017,-0.031,0.083,0.34,,0.385,0.158,0.39,,0.539,-0.042,-0.038,,,,0.514,0.679,0.217,-0.103,0.255,,0.385,0.28,-0.07,0.168,-0.12,0.151,0.369,0.999,0.087,0.022,-0.669,0.466,0.245,0.385,0.545,0.364,0.376,0.028,0.028,0.378,-0.129,,-0.358,0.231,0.574,-0.268,0.155,0.596,0.167,,0.516,-0.36,,0.281,0.907,0.079,-0.006,0.268,0.013,0.307,0.488,-0.489,0.456,-0.175,,,0.228,,0.095,,0.2,0.231,-0.148,0.8,0.24,0.303,0.941,-0.425,0.445,,0.439,0.178,0.509,-0.206,-0.644,0.043,0.007,0.561,0.231,0.437,0.382,0.426,0.546,0.557,0.116,-0.373,-0.067,-0.065,-0.115,-0.439,0.15,0.072,-0.537,0.489,0.363,-0.051,-0.644,,0.309,0.216,-0.168,,0.19,,-0.455,0.307,0.156,-0.035,0.553,,,0.231,-0.089,0.217,0.303,0.254,0.618,,0.0,0.45,0.262,0.652,0.585,,,0.555,1.155,,0.083,0.494,-0.03,0.019,0.319,-0.354,-0.145,0.466,0.223,-0.035,-0.081,0.637,0.368,0.38,0.173,-0.061,,-0.051,-0.626,0.106,-0.48,,-0.527,0.511,-0.101,0.408,0.21,0.134,0.024,0.319,0.555,0.042,-0.079,0.404,,0.05,-0.069,,0.369,0.091,0.083,0.021,-0.51,0.043,0.261,0.403,-0.111,-0.4,0.368,,,0.5,0.248,0.251,,,-0.069,0.315,0.192,,,0.694,0.285,,0.29,0.199,-0.655,-0.136,0.582,-0.502,,0.134,-0.32,0.173,0.343,0.227,0.301,0.923,-0.224,,0.363,-0.122,0.462,,-0.386,0.109,0.368,-0.337,-0.091,0.586,0.08,,0.042,0.211,0.16,0.384,0.063,0.376,-0.031,0.222,0.318,0.164,0.078,0.217,0.218,0.124,0.195,0.275,0.319,-0.084,-0.508,0.583,0.418,0.289,0.109,,0.472,-0.152,0.04,-0.355,0.111,0.082,-0.081,0.446,0.623,0.135,0.15,-0.083,0.136,0.267,0.297,0.202,0.378,0.163,0.152,0.223,-0.108,0.21,-0.174
Y1983,0.134,-0.048,0.648,0.336,0.841,0.47,0.375,-0.693,0.381,0.01,,0.661,0.605,1.067,,0.273,-0.804,-0.108,,,,0.845,0.831,0.57,-0.274,0.427,,1.037,0.475,0.339,0.552,0.396,0.71,0.189,0.999,0.46,0.114,0.494,0.296,0.51,0.032,0.48,0.561,0.127,-0.223,-0.223,0.126,0.271,,0.569,0.677,,0.245,0.321,0.877,0.651,,0.236,-0.827,,1.156,0.589,0.37,1.055,0.408,0.361,0.584,1.001,-1.215,0.793,0.135,,,0.974,,0.147,,-0.291,0.197,0.971,0.706,0.627,0.172,0.169,0.1,1.249,,1.07,0.706,0.405,-0.451,-2.067,0.325,0.37,0.759,0.675,1.078,0.57,0.569,0.19,0.692,1.004,-0.976,-0.206,0.382,-0.108,-0.847,0.402,0.375,-1.038,0.365,0.65,0.097,-1.033,,0.629,0.164,-0.652,,0.293,,-0.916,1.046,0.427,-0.468,0.952,,,0.378,0.7,0.634,0.475,0.831,0.039,,0.35,1.488,0.207,,0.035,,,0.49,0.636,,0.381,0.796,0.854,0.111,0.621,,-0.433,0.87,0.609,0.476,-0.316,0.765,0.045,0.261,0.434,0.25,,0.637,-0.652,0.181,-0.489,,-1.033,0.844,0.346,-0.292,1.373,0.615,-0.631,1.447,0.28,0.415,-0.763,0.432,,0.252,0.822,,0.541,0.454,0.381,0.337,0.737,0.325,0.403,0.432,0.028,-0.854,1.276,,,0.567,0.509,0.681,,,0.302,0.605,0.683,,,0.536,0.791,,0.105,0.473,0.046,0.911,0.867,-0.826,,0.427,0.489,0.694,0.201,0.131,0.431,0.351,-0.458,,0.593,-0.145,0.73,,-0.726,0.341,0.606,0.537,0.374,-0.04,0.988,,0.26,0.617,0.037,-0.065,0.017,0.799,0.097,0.489,0.956,1.205,0.452,0.408,0.612,0.3,0.046,0.747,0.667,0.455,0.471,0.19,0.387,0.476,-0.013,,0.201,-0.175,0.354,-0.665,0.934,0.99,0.636,0.358,0.867,0.559,0.574,0.341,0.176,0.253,0.735,0.43,0.47,0.439,0.315,0.43,0.695,0.275,0.497
Y1984,0.123,-0.199,0.073,0.252,-0.18,0.673,-0.092,0.132,-0.179,-0.134,,0.123,-0.191,-0.244,,0.138,0.069,-0.256,-0.144,,,-0.024,0.321,0.565,0.03,0.288,,0.476,0.292,-0.021,-0.075,-0.006,0.779,,,0.13,0.173,0.346,0.165,0.13,0.591,0.27,-0.122,-0.144,-0.56,-0.56,-0.142,-0.54,0.287,0.084,-0.184,-0.351,0.158,0.185,-0.053,0.476,,0.218,-0.022,,-0.091,-0.156,0.065,0.382,-0.011,-0.138,0.287,-0.17,-0.331,0.135,0.151,,,0.026,,0.553,,0.464,0.508,0.765,-0.098,-0.071,0.376,0.061,0.135,0.694,,-0.11,0.689,-0.12,-0.08,-1.456,-0.06,-0.12,0.217,0.371,0.582,-0.306,0.307,-0.558,0.168,-0.144,0.072,-0.167,-0.17,0.13,-0.023,0.326,0.347,-0.2,-0.466,0.161,-0.617,-0.218,,0.206,-0.102,0.259,,0.104,,-0.048,0.379,0.305,-0.101,-0.358,,,-0.179,0.085,-0.001,0.196,0.582,-0.263,,-0.124,0.477,-0.364,-0.347,-0.086,,,-0.616,-0.314,,-0.179,0.302,0.171,0.052,0.698,-0.237,-0.044,0.063,0.027,0.093,0.152,0.044,0.622,0.834,0.535,0.13,,0.536,-0.598,0.121,-0.274,,-0.186,-0.102,0.265,0.507,0.233,0.207,0.255,0.232,-0.125,0.025,0.079,-0.305,,-0.195,-0.144,,,0.705,-0.179,-0.097,0.122,-0.06,0.281,-0.552,0.298,-0.286,0.642,,,-0.245,0.323,-0.235,,,0.26,0.092,0.511,-0.245,,-0.182,0.121,,0.548,-0.229,1.896,0.586,-0.329,0.021,,0.095,0.221,0.568,0.111,0.348,-0.07,0.01,0.325,,0.286,-0.02,0.372,,-0.297,0.33,0.018,-0.226,-0.004,0.113,0.312,,0.031,0.077,-0.152,1.294,-0.049,0.487,0.282,-0.259,0.504,0.471,0.12,0.333,0.248,0.304,0.153,0.556,0.603,0.08,0.038,-0.049,0.212,0.144,-0.118,,-0.183,-0.072,-0.04,-0.097,0.271,0.301,0.524,-0.248,-0.113,-0.151,-0.18,0.262,0.05,0.329,0.075,0.356,0.332,0.097,0.271,0.269,0.121,0.118,0.002
Y1985,0.237,-0.03,0.57,0.296,0.035,0.69,-0.206,0.18,-0.204,0.267,,-0.046,0.296,-0.562,,0.354,0.414,0.127,-0.334,,,-0.805,0.599,0.448,0.254,0.401,,0.318,0.123,-0.221,0.115,-0.585,0.465,,0.592,0.286,0.047,-0.301,0.059,0.186,0.24,-0.497,0.31,-0.121,-0.327,-0.327,-0.121,-0.047,,0.022,-0.023,,-0.225,0.221,-0.206,0.217,,0.133,-0.103,,-1.001,0.141,0.079,-0.995,0.143,-0.16,0.135,-0.118,0.152,0.227,-0.081,,,0.598,,0.448,,-0.144,0.447,-1.168,-0.353,0.035,0.104,0.473,-0.261,0.446,,-0.801,0.365,0.615,-0.02,0.891,-0.458,-0.189,0.298,0.388,0.423,-0.387,0.162,0.266,0.226,-1.06,0.056,0.137,0.091,0.224,-0.007,-0.452,-0.504,0.036,0.121,0.189,0.121,0.007,,-0.009,0.096,0.017,,0.289,,0.028,0.837,0.207,0.061,-0.323,,,0.02,-0.129,0.204,0.057,0.497,0.432,,-0.161,0.471,-0.173,-0.02,0.104,,,-0.12,-0.407,,-0.204,0.879,-0.043,0.158,0.441,-0.165,0.295,-0.85,-0.112,0.271,0.334,0.079,0.298,0.416,0.34,0.193,,-0.593,-0.067,-0.023,0.155,,0.05,-0.294,0.202,0.393,0.115,0.408,0.452,-1.054,0.522,-0.18,0.407,0.24,,0.248,-1.196,,,0.433,-0.204,-0.298,-1.033,-0.458,0.219,0.217,-0.002,-0.004,0.509,,,-0.058,0.225,0.198,,,0.186,0.17,0.635,0.089,,0.46,0.228,,0.32,-0.031,1.789,-1.032,-0.325,-0.009,,0.288,0.708,0.389,0.248,0.259,-0.356,0.527,-0.086,,0.138,0.1,0.244,,0.066,-0.532,0.009,-0.02,-0.208,0.433,-0.622,,0.489,-0.238,-0.035,0.756,0.083,0.738,0.539,-0.483,0.165,0.039,-0.034,0.301,0.131,0.203,0.363,0.508,0.403,-0.002,-0.144,0.104,0.118,0.14,0.016,,-0.145,0.175,0.164,0.042,-0.605,-0.638,-0.787,0.145,-0.545,0.292,0.297,0.218,0.013,0.173,-0.528,0.28,0.2,0.081,0.229,0.216,-0.301,0.156,-0.066
Y1986,-0.105,0.641,0.407,0.348,0.368,0.167,-0.097,-0.269,-0.122,0.43,,0.098,0.329,0.323,,0.352,0.708,0.099,-0.327,,,-0.124,0.255,0.362,-0.023,0.492,,0.209,0.319,-0.087,0.083,0.376,0.331,0.103,0.461,0.057,0.151,0.024,0.128,0.504,0.692,-0.668,0.068,-0.038,-0.023,-0.023,-0.037,-0.214,,-0.342,0.018,0.087,0.013,0.445,0.132,0.19,,0.258,0.215,,0.257,-0.715,0.165,-0.432,0.006,-0.091,0.286,0.129,0.031,0.268,-0.104,,,0.348,,0.256,,-0.148,-0.073,-0.174,-0.018,0.203,0.217,,-0.157,0.66,,-0.007,0.304,0.265,0.352,0.382,-0.177,-0.098,0.202,0.076,0.521,0.148,0.305,0.597,0.201,0.368,-0.185,0.12,0.047,0.194,0.35,-0.74,-0.699,0.073,0.442,0.206,-0.689,0.077,,0.177,0.372,0.469,,0.035,,0.273,0.54,0.094,0.181,0.399,,,-0.102,0.023,0.244,0.263,0.289,0.392,,-0.089,0.175,0.062,0.142,0.294,,,0.421,0.392,,-0.122,0.301,0.036,0.064,0.251,,-0.106,-0.196,0.026,0.13,0.317,0.205,0.75,0.577,0.223,0.263,,-0.43,-0.025,0.199,-0.367,,0.08,0.006,0.338,0.868,0.128,0.322,0.236,0.009,0.09,0.005,0.571,-0.784,,0.078,0.431,,0.391,0.837,-0.122,-0.139,-0.72,-0.177,0.372,0.37,-0.204,0.18,0.449,,,0.305,-0.12,0.313,,,0.161,0.24,0.433,0.406,,0.236,0.344,,0.427,0.097,-0.357,-0.492,0.246,0.422,,0.073,0.353,0.242,0.324,-0.1,-0.093,0.568,0.412,,0.301,0.396,0.342,,0.189,-0.606,0.099,0.584,-0.062,0.756,0.318,,-0.047,0.001,0.052,0.069,0.154,0.238,-0.086,0.427,0.028,0.026,0.238,0.283,0.12,0.277,0.314,0.329,0.397,0.297,0.302,0.268,0.243,0.296,0.056,,-0.015,0.057,0.087,0.201,0.259,0.315,-0.418,0.331,0.011,0.327,0.329,0.299,0.253,0.25,-0.001,0.253,0.39,0.242,0.239,0.219,0.279,0.209,0.246
Y1987,0.349,-0.037,1.048,0.338,0.382,0.707,0.452,-0.698,0.54,0.415,,0.818,0.304,-0.257,,0.494,0.648,0.391,0.357,,,-0.399,0.406,1.034,0.268,0.758,,1.165,0.715,0.403,0.512,-0.475,1.007,0.163,1.521,0.617,0.511,1.347,0.468,0.501,0.391,-0.245,0.585,0.434,0.794,0.794,0.434,0.372,0.471,0.391,0.581,0.543,0.42,0.2,0.568,0.973,,0.64,-0.306,,-0.653,0.219,0.393,-0.981,0.289,0.487,0.747,0.99,-0.393,0.537,0.378,,,0.592,,0.448,,0.193,0.152,-1.643,-0.013,0.734,0.383,0.718,0.271,1.081,,-0.56,0.971,0.528,-0.342,-0.122,0.446,0.476,0.32,0.781,0.859,0.548,0.836,0.17,0.406,-0.53,0.587,0.509,0.456,0.518,0.326,-0.157,-0.239,-0.285,0.185,1.164,0.321,-0.136,,0.763,0.169,0.732,,0.947,,-0.205,0.6,0.863,-0.032,-0.03,,,0.46,0.379,0.563,0.602,1.06,0.5,,0.493,1.457,0.544,0.533,-0.136,,,0.187,0.195,,0.54,1.099,0.544,0.525,0.993,,0.245,-0.502,0.673,-0.174,0.355,0.468,0.671,0.854,0.333,-0.035,,-0.832,0.09,0.174,0.07,,-0.29,0.534,0.369,0.206,0.865,0.492,-0.169,-1.085,0.745,0.511,0.501,0.353,,0.703,-0.731,,0.244,0.345,0.54,0.459,-0.036,0.446,0.285,0.116,0.336,0.528,0.991,,,0.553,0.692,0.494,,,-0.068,1.021,0.711,-0.686,,0.706,0.831,,0.671,0.698,0.2,-1.202,-0.008,-0.159,,0.757,,0.989,0.442,-0.134,0.573,0.738,-0.411,,0.782,-0.067,0.69,,0.174,-0.295,0.509,0.91,0.386,0.322,-0.595,,-0.128,0.608,1.0,0.068,0.191,1.142,0.043,-0.172,0.942,1.065,0.391,0.671,0.658,0.467,0.545,0.895,0.982,0.835,1.11,-0.014,0.691,0.649,0.406,,0.396,0.439,0.584,0.212,-0.562,-0.602,-0.906,0.297,-0.238,0.306,0.306,0.308,0.172,0.289,-0.416,0.645,0.638,0.497,0.607,0.607,0.16,0.555,0.639
Y1988,0.872,0.442,1.388,0.525,0.875,0.557,0.317,0.956,0.276,-0.221,,0.505,0.906,0.826,,0.409,0.726,0.383,0.342,,,0.747,0.548,0.694,0.581,0.337,,0.154,0.478,0.343,0.544,0.13,0.584,0.107,,0.332,0.291,1.211,0.683,0.275,0.191,0.439,0.056,0.399,-0.177,-0.177,0.399,0.318,0.465,0.368,0.359,0.549,0.227,0.562,0.044,0.673,,0.514,-0.001,,0.564,0.541,0.346,0.927,0.653,0.304,0.622,0.336,0.132,0.431,0.316,,,0.638,,0.885,,0.272,0.773,0.591,0.76,0.531,0.331,-0.459,0.229,0.916,,0.892,0.683,0.838,0.185,0.507,0.444,0.307,0.484,0.585,0.751,0.522,0.7,0.706,0.553,0.405,-0.191,0.436,0.348,0.693,0.056,0.234,0.256,0.041,0.831,1.006,-0.155,0.02,,0.68,0.108,0.462,,0.325,,0.047,0.449,0.729,0.98,0.944,,,0.515,0.617,0.508,0.892,0.764,1.152,,0.321,0.819,0.342,0.521,0.152,,,0.751,0.656,,0.276,0.992,0.524,0.362,0.344,,0.528,0.793,0.402,0.803,0.517,0.497,0.595,0.537,0.719,0.781,,0.477,0.199,0.291,0.626,,0.045,0.141,0.611,-0.022,0.455,0.796,0.089,0.678,0.635,0.411,0.592,0.231,,0.557,0.088,,0.19,0.526,0.276,0.377,0.235,0.444,0.543,0.79,0.411,0.437,0.861,,,0.48,0.586,0.392,,,0.594,0.896,0.301,0.311,,0.784,0.841,,0.425,0.547,-2.107,0.726,0.918,-0.185,,0.281,,0.645,0.142,0.833,0.573,1.449,-0.32,,0.579,0.016,0.55,,0.183,0.294,0.62,0.469,0.367,-0.514,0.471,,0.744,0.267,0.14,0.488,0.361,0.513,0.981,0.488,0.63,0.454,0.549,0.608,0.667,0.334,0.826,0.286,0.679,0.561,0.839,0.206,0.568,0.3,0.423,,0.415,0.57,0.367,0.278,0.494,0.469,0.501,0.66,0.814,0.875,0.893,0.625,0.234,0.467,0.632,0.56,0.489,0.586,0.546,0.536,0.657,0.472,0.739
Y1989,-0.167,0.008,0.43,0.179,1.16,-0.002,-0.167,-0.436,-0.2,0.584,,-0.047,0.109,1.109,,0.743,0.134,0.091,0.125,,,1.438,0.334,0.014,0.235,0.144,,-0.32,0.182,-0.145,0.135,0.407,0.004,-0.185,,0.236,-0.278,0.029,0.629,-0.18,-0.252,1.491,0.321,0.426,0.221,0.221,0.427,0.08,0.253,0.19,-0.041,-0.146,-0.338,0.35,0.027,0.269,,0.606,0.065,,1.178,1.199,-0.269,1.799,-0.036,-0.216,0.288,-0.007,-0.294,0.26,0.033,,,0.172,,0.117,,0.498,0.235,2.191,1.258,0.052,0.203,0.603,-0.105,0.689,,1.489,0.268,0.975,-0.148,-1.481,-0.194,-0.19,0.218,0.11,0.522,0.055,0.389,0.104,0.269,0.885,-0.284,-0.083,0.053,0.207,0.119,1.03,1.089,-0.171,0.405,0.561,0.55,-0.104,,-0.107,-0.181,0.159,,0.246,,0.156,-0.014,0.25,-0.042,1.103,,,-0.012,0.036,0.15,0.077,0.093,0.162,,-0.197,0.631,-0.038,-0.107,0.454,,,0.883,1.364,,-0.2,0.653,0.067,0.294,-0.41,0.093,0.006,1.538,-0.11,0.221,0.764,0.208,-0.378,-0.371,0.324,0.497,,1.745,-0.367,0.117,-0.393,,-0.163,-0.008,0.342,-0.059,0.09,0.314,0.402,1.691,1.129,-0.056,0.043,0.757,,0.29,0.749,,-0.122,0.169,-0.2,-0.152,-0.373,-0.194,0.043,0.304,-0.176,-0.132,0.561,,,0.052,0.152,0.108,,,0.116,0.093,-0.067,0.752,,1.027,0.336,,-0.159,0.157,-0.768,1.999,1.141,0.372,,0.301,,0.114,0.12,0.483,-0.069,0.614,0.33,,0.351,-0.193,-0.012,,-0.312,1.13,-0.168,0.325,-0.125,0.731,0.996,,0.198,-0.197,-0.026,-0.054,0.039,0.759,0.36,0.408,0.144,0.208,0.326,-0.019,0.033,-0.203,0.1,-0.226,0.05,0.188,0.147,0.397,0.454,0.203,0.259,,0.565,-0.042,0.154,0.029,1.035,1.0,1.657,0.631,1.333,0.143,0.131,0.319,0.025,0.178,1.262,-0.017,0.13,0.28,-0.05,0.037,0.581,0.14,0.327
Y1990,0.766,0.846,1.314,0.52,1.734,0.737,0.244,0.289,0.219,0.42,,0.286,0.495,1.27,,0.857,0.437,-0.153,0.296,,,1.487,0.494,0.645,-0.1,0.26,,0.88,0.452,0.285,0.524,0.793,0.601,0.316,1.171,0.579,0.637,0.086,0.961,0.302,0.466,1.488,0.191,0.847,0.292,0.292,0.849,0.377,0.565,0.303,0.322,0.243,0.016,0.393,0.443,0.569,,0.772,0.062,,1.266,1.293,0.07,1.835,0.603,0.255,0.604,0.511,-0.162,0.484,0.196,,,0.314,,0.661,,0.766,0.398,1.265,1.563,0.337,0.408,,0.104,1.232,,1.571,0.544,1.264,0.41,-0.348,0.196,0.245,0.401,0.655,1.064,0.606,0.72,1.075,0.332,1.095,0.055,-0.146,0.142,0.711,0.333,0.803,0.894,-0.123,1.121,0.601,1.125,-0.076,,0.047,0.238,0.459,,0.439,,0.111,0.353,0.482,0.627,1.324,,,0.041,0.525,0.533,0.656,0.89,1.188,,0.273,1.345,0.119,0.259,0.243,,,1.261,1.559,,0.219,1.372,0.324,0.2,0.638,-0.286,-0.095,1.563,0.28,0.506,0.606,0.375,0.528,0.637,0.422,0.467,,1.524,0.077,0.336,0.302,,-0.12,0.334,0.3,0.063,0.331,0.398,0.18,1.712,1.408,0.369,0.433,1.205,,0.295,1.099,,0.316,0.851,0.219,0.247,-0.701,0.196,0.491,1.03,,0.075,1.189,,,0.434,0.457,,,,0.535,0.305,0.297,0.515,,1.442,0.706,,0.492,0.35,1.632,1.695,1.418,0.207,,0.515,-0.703,0.628,0.539,0.424,0.231,1.556,-0.071,,0.667,0.151,0.326,,0.279,1.0,0.117,0.672,0.285,0.564,1.242,,0.491,0.222,0.342,-0.083,0.385,1.323,0.46,0.999,0.741,0.544,0.636,0.574,0.372,0.334,0.765,0.53,0.793,0.371,0.363,0.272,0.683,0.389,0.527,,0.958,0.219,0.285,0.126,1.257,1.244,1.323,1.164,1.536,0.488,0.499,0.327,0.301,0.437,1.36,0.494,0.681,0.461,0.394,0.526,0.813,0.507,0.509
Y1991,-0.178,-0.238,0.078,0.848,0.219,0.325,0.28,0.678,0.294,0.233,,0.501,0.778,0.135,,0.864,-0.251,-0.043,0.371,,,0.257,0.684,0.38,0.097,0.573,,0.14,0.458,0.279,0.398,-0.154,0.532,-0.133,0.478,0.509,0.612,0.34,0.942,0.507,0.562,0.062,0.062,0.514,0.735,0.735,0.514,0.613,0.285,0.418,0.44,0.388,0.104,0.523,0.494,0.457,,0.841,0.353,,0.099,0.557,0.13,0.616,0.534,0.222,0.334,0.469,0.358,0.568,,,,0.559,,0.572,,1.077,0.254,1.15,0.224,0.377,0.343,0.786,0.043,0.925,,0.287,0.417,0.193,-0.157,-0.292,0.3,0.26,0.706,0.691,0.873,0.196,0.649,-0.092,0.568,-0.033,0.659,0.114,0.221,0.358,0.556,0.181,0.164,0.4,0.012,0.676,0.718,0.463,,0.34,0.316,0.54,,0.698,,0.469,0.528,0.475,0.314,0.203,,,0.295,0.102,0.448,0.69,0.669,0.097,-0.022,0.211,0.767,0.392,0.403,0.237,-0.014,,0.085,1.106,,0.294,0.121,0.264,0.489,0.138,-0.112,-0.007,0.263,0.356,0.085,0.0,0.537,0.956,0.676,0.665,0.112,,0.98,-0.34,,-0.339,,0.41,0.468,0.2,0.714,0.48,0.361,-0.243,0.414,0.456,0.268,-0.114,0.257,,0.427,0.034,,-0.132,0.652,0.294,0.263,-0.761,0.3,0.736,-0.054,,0.337,0.808,,,0.606,0.572,,,,0.185,0.398,0.34,0.003,,0.205,0.659,,0.507,0.383,1.317,1.026,0.324,0.525,,0.652,,0.299,1.05,0.392,0.381,0.096,0.221,,,0.478,0.191,,-0.265,0.193,0.25,0.525,0.267,0.293,0.645,,0.149,0.339,0.538,0.371,0.326,0.564,,-0.115,0.114,0.198,0.458,0.386,0.315,0.317,0.303,0.238,0.712,0.408,0.419,0.307,0.655,0.408,0.39,,0.598,0.095,0.397,0.285,0.597,0.627,0.846,0.07,0.244,0.716,0.752,0.196,0.14,0.503,0.36,0.433,0.567,0.34,0.382,0.421,0.555,0.387,0.486
Y1992,-0.32,0.122,-0.253,0.941,0.343,0.435,0.011,0.334,,-0.3,-1.278,0.63,0.215,1.256,-0.773,0.355,-0.576,-0.131,0.294,1.258,,1.013,0.411,0.04,-0.276,0.059,0.671,0.995,0.438,0.014,0.333,0.146,-0.024,-0.082,0.687,0.445,-0.238,0.111,0.621,-0.453,-0.326,0.448,-0.132,0.122,-0.225,-0.225,0.123,-0.057,0.334,0.16,0.583,0.208,-0.347,0.527,0.325,0.255,0.827,0.568,-0.953,,1.07,0.732,-0.319,1.451,0.503,-0.027,0.407,0.789,-0.661,0.576,-0.167,,1.623,1.185,,0.175,,0.774,0.293,1.177,0.621,0.489,0.359,0.308,-0.238,0.931,-1.139,1.23,0.157,0.254,-0.487,-1.23,0.275,0.014,0.533,0.343,0.765,0.106,0.463,0.435,0.562,0.924,0.115,-0.045,0.304,-0.803,-1.244,0.428,0.447,-1.03,0.522,0.85,0.327,-1.163,0.289,0.491,0.231,-0.521,0.068,0.21,1.582,-0.96,0.977,0.186,-0.308,1.106,1.477,,0.347,0.44,0.427,0.302,0.193,0.222,0.052,0.052,0.822,0.06,0.274,0.066,0.068,,0.627,0.835,,,0.222,0.743,0.029,0.611,-0.54,-0.185,1.183,0.296,0.197,-0.702,0.505,-0.221,-0.074,0.297,-0.162,0.05,1.124,-0.653,,-0.462,0.212,-1.034,0.288,0.501,-0.333,0.901,0.404,-0.353,1.149,0.443,0.096,-0.488,0.599,0.417,0.342,0.361,0.365,-0.082,0.245,,0.176,-1.337,0.275,0.674,0.516,-0.108,-0.974,0.876,,0.447,0.204,0.173,,,1.169,0.243,0.715,0.774,-0.009,,0.289,0.358,,-0.111,0.663,0.958,1.375,0.963,-1.079,-0.311,0.36,,0.086,,0.284,0.399,0.15,-1.251,-0.015,,0.161,0.293,0.461,-0.731,0.505,0.305,0.395,0.002,0.129,,0.117,0.125,0.397,0.033,0.152,0.216,0.598,,,0.708,1.083,0.183,0.112,0.492,-0.183,-0.211,0.777,0.194,0.255,0.226,0.151,0.487,0.299,-0.059,0.2,0.234,-0.314,0.265,-1.029,0.472,0.397,1.077,0.331,0.911,0.202,0.184,0.461,0.152,0.467,0.79,0.114,0.178,0.437,0.055,0.194,0.305,0.096,0.257
Y1993,0.172,0.137,0.618,,0.185,0.261,0.294,-0.734,0.314,0.049,-0.857,,0.415,0.533,-0.925,0.45,0.089,-0.429,0.372,0.01,,0.358,0.605,0.585,-0.333,0.375,0.274,0.712,0.523,0.242,0.195,-0.312,0.697,,0.307,0.282,0.274,0.351,0.912,0.338,0.239,0.091,0.16,0.273,0.307,0.307,0.273,0.373,0.318,0.162,0.243,0.321,0.011,0.29,0.381,0.491,0.403,0.588,-0.441,0.3,,0.533,0.069,0.226,0.364,0.186,0.355,0.492,-0.037,0.348,0.149,,0.577,0.771,0.222,,,-0.092,-0.096,0.946,0.295,0.471,0.151,0.765,0.134,1.095,-1.158,0.311,0.465,-0.032,-0.275,-1.358,0.318,0.256,0.466,0.703,0.937,0.294,0.333,0.384,0.299,0.086,0.107,0.134,0.188,-0.062,-0.546,0.047,-0.048,-0.343,0.499,0.48,0.008,-0.55,-0.371,0.153,-0.071,-0.103,-0.092,0.315,0.398,-0.367,0.992,0.439,0.406,0.65,0.29,,0.183,-0.066,0.244,0.329,1.025,0.575,-0.119,0.198,0.922,0.029,0.389,0.316,-0.196,,0.461,0.474,,0.314,0.252,0.28,0.081,0.726,,-0.306,0.25,0.288,-0.062,-0.372,0.41,0.457,0.547,,-0.126,0.044,0.702,0.226,,0.35,0.15,-0.337,0.413,0.276,0.271,0.553,0.345,-0.531,0.071,-0.188,0.277,0.076,0.018,-0.723,0.324,-0.42,0.955,,0.775,0.314,0.271,-1.099,0.318,0.306,0.517,0.345,-0.169,1.089,,0.03,0.255,0.469,,0.054,0.575,0.009,0.364,0.8,0.647,,-0.073,0.359,,0.422,0.45,0.013,0.81,0.553,-0.525,-0.202,0.312,,0.492,,-0.04,0.454,0.809,-0.819,-0.112,,0.104,0.208,-0.738,-0.018,-0.031,0.005,0.005,0.273,0.254,,-0.215,-0.157,0.528,0.283,0.409,-0.004,0.386,,,0.013,0.412,0.346,0.407,0.182,0.178,0.417,0.76,0.712,0.274,0.154,0.334,0.471,0.396,0.073,-0.302,0.292,0.09,0.218,-0.354,0.75,0.838,0.575,0.089,0.328,0.378,0.389,0.228,-0.068,0.185,0.254,0.336,0.217,0.342,0.317,0.361,0.4,0.308,0.229
Y1994,0.423,1.399,0.796,,1.518,0.271,0.352,-0.234,0.308,0.451,0.574,0.394,0.166,1.965,0.194,0.867,0.954,0.157,0.378,1.127,,1.6,0.925,0.488,0.233,0.81,1.715,0.016,0.624,0.398,0.379,1.593,0.285,,0.24,0.331,0.36,0.472,1.242,0.586,0.361,1.077,0.186,0.725,0.348,0.348,0.726,0.391,,-0.037,0.253,0.682,0.307,0.37,0.286,0.515,1.718,0.96,1.033,1.809,,1.319,0.274,0.968,0.336,0.357,0.818,0.366,0.506,0.722,0.339,,0.379,0.021,0.596,,,-0.213,0.137,0.158,1.518,0.444,0.529,0.021,0.19,0.766,0.523,1.624,0.534,0.834,1.12,-0.426,0.373,0.348,0.733,0.464,0.7,0.467,1.031,1.374,0.845,1.76,-0.213,0.009,0.25,0.788,0.928,0.268,0.258,0.83,1.492,0.973,0.964,0.903,-0.041,0.566,0.21,0.989,0.285,0.399,0.684,1.113,0.136,0.463,0.53,1.935,0.941,,0.298,0.136,0.371,0.526,0.213,1.382,0.15,0.353,0.632,0.43,0.69,0.697,0.047,,1.3,1.351,,0.308,1.105,0.058,0.403,0.208,,0.078,1.367,0.364,-0.2,-0.064,0.713,0.294,0.478,,-0.18,1.518,0.073,0.139,,0.089,0.368,0.84,0.335,0.263,0.888,0.507,0.429,-0.171,1.373,0.695,0.503,0.697,1.238,1.579,0.533,1.724,0.577,,1.065,0.308,0.362,-0.339,0.373,0.188,1.5,0.264,0.656,0.603,,1.704,0.533,0.38,,1.703,1.889,0.131,0.727,0.185,-0.403,,1.023,0.424,,0.302,0.538,0.059,0.197,1.845,1.314,0.374,0.335,,0.463,,0.247,0.435,1.495,1.202,0.341,,0.581,0.338,1.151,0.329,0.398,0.428,0.461,0.412,0.421,,-0.036,0.164,0.27,0.279,0.213,0.263,0.906,,,0.344,-0.03,0.501,0.418,0.393,0.324,0.595,0.154,0.412,0.506,0.451,0.689,0.885,0.536,0.522,0.037,0.826,0.265,0.317,0.764,0.698,0.651,0.237,1.258,1.595,0.163,0.158,0.234,0.186,0.369,1.104,0.362,0.406,0.467,0.322,0.433,0.497,0.502,0.487
Y1995,0.363,-0.099,0.649,0.871,1.252,0.807,0.484,-0.285,0.538,0.225,0.77,0.593,0.347,0.944,1.104,0.782,0.201,0.13,0.42,1.483,,1.496,0.933,0.461,0.434,0.669,0.311,1.32,0.82,0.448,0.398,0.227,0.373,,1.273,0.568,0.421,0.94,1.116,0.19,0.189,1.52,-0.086,0.567,-0.021,-0.021,0.568,0.215,,0.383,0.533,0.564,0.551,0.625,-0.025,0.672,0.433,0.96,0.045,1.045,,0.657,0.382,1.308,0.718,0.476,0.891,0.724,0.039,0.714,0.98,,1.763,0.584,0.823,,,-0.354,0.51,1.716,1.294,0.867,0.557,0.159,0.601,1.057,0.808,1.306,0.709,1.399,0.022,-0.329,0.583,0.487,0.766,0.482,0.963,0.916,1.082,0.098,0.987,0.648,-0.449,0.133,0.318,0.675,0.279,1.184,1.158,-0.142,0.403,0.966,0.345,-0.036,2.044,0.461,0.593,0.223,0.454,0.629,1.621,0.108,0.741,0.571,0.383,0.914,1.51,,0.339,0.708,0.492,0.792,0.577,0.415,-0.045,0.455,1.144,0.37,0.513,0.795,0.205,,0.689,1.286,,0.538,1.284,0.602,0.582,0.976,,0.207,1.544,0.55,0.344,0.132,0.81,0.569,0.452,,0.444,-0.004,0.949,-0.06,,-0.176,0.407,-0.15,0.236,0.798,0.572,0.775,0.444,-0.015,1.112,1.674,0.544,0.106,0.406,0.556,0.293,0.407,2.106,,0.728,0.538,0.493,-0.235,0.583,0.85,0.29,0.813,0.198,0.961,,0.197,0.461,0.391,,0.705,0.819,0.722,0.663,0.614,0.187,,1.418,0.736,,0.478,1.001,0.472,1.265,0.99,0.203,0.236,0.657,0.466,0.518,,0.568,0.756,0.817,0.142,1.444,,0.548,0.513,0.943,-0.263,1.105,0.373,0.626,0.446,0.28,,1.382,0.445,0.707,0.342,0.357,0.455,1.233,,,0.706,0.933,0.831,0.58,0.607,0.43,0.527,0.881,0.66,0.713,0.766,0.77,0.914,0.642,0.616,1.753,0.655,0.266,0.446,0.191,1.83,1.995,1.194,0.813,1.275,0.367,0.34,0.761,0.373,0.663,1.116,0.542,0.94,0.853,0.465,0.604,1.206,0.568,0.69
Y1996,-0.106,0.046,0.906,0.834,0.541,0.436,0.233,0.778,0.281,0.462,0.558,0.875,0.522,-0.195,0.33,0.117,0.639,0.074,0.27,-0.291,,-0.504,0.406,0.784,0.133,0.249,-0.017,-0.13,0.532,0.179,0.308,-0.353,0.884,,1.397,0.242,0.437,-0.122,0.544,0.134,0.6,0.097,0.172,0.2,0.029,0.029,0.201,0.044,0.576,0.608,0.154,0.101,0.022,0.478,-0.16,0.749,-0.027,0.414,0.25,-0.601,,0.234,-0.055,-0.749,0.822,0.256,0.767,0.045,0.259,0.285,0.514,0.218,-0.339,-0.054,0.812,,,0.134,0.584,0.152,0.157,0.574,0.126,0.184,0.118,1.265,0.254,-0.699,0.677,0.852,-0.094,0.666,0.333,0.247,0.265,0.794,1.09,0.607,0.7,0.261,0.211,-0.319,0.473,0.233,0.356,0.226,0.723,-0.021,-0.117,0.305,0.221,0.437,-0.133,0.485,-0.397,0.498,0.415,0.937,-0.417,0.153,-0.417,0.464,-0.169,0.537,0.576,-0.011,-0.524,,0.16,0.556,0.404,0.536,1.165,0.596,0.042,0.252,1.491,0.098,0.152,0.544,0.272,,0.226,0.421,,0.281,1.046,0.132,0.301,0.119,,0.108,-0.776,0.687,0.601,0.268,0.062,1.217,0.805,,0.799,-0.077,-0.052,-0.078,,-0.226,0.452,0.306,0.078,0.589,0.149,0.107,0.339,-0.227,-0.785,0.759,0.31,0.563,-0.066,-0.733,0.153,-0.424,0.811,,0.53,0.281,0.284,0.178,0.333,0.85,0.227,,0.585,1.201,,-0.084,0.139,0.516,,-0.399,-0.098,0.483,0.859,-0.156,0.534,,0.693,0.557,,0.582,0.501,1.185,-0.157,0.023,0.508,-0.478,0.217,0.446,0.633,,0.671,0.444,0.787,0.274,0.014,0.852,0.449,0.39,-0.419,0.298,-0.156,0.26,-0.011,0.201,0.45,,-0.454,0.529,0.555,-0.025,1.007,0.56,1.192,,,0.769,-0.146,0.354,0.551,0.461,0.231,0.68,-0.065,1.078,0.189,-0.055,0.459,0.5,0.418,0.173,-0.357,0.217,0.142,0.291,0.471,0.57,0.693,-0.077,0.351,-0.206,0.518,0.514,0.582,0.345,0.459,-0.092,0.553,0.317,0.57,0.465,0.473,0.281,0.402,0.11
Y1997,0.48,0.146,1.122,,1.748,0.291,0.358,-0.556,0.404,0.71,0.738,0.551,0.317,0.519,0.679,0.882,0.314,-0.197,0.182,0.344,,0.672,1.074,0.615,-0.384,0.863,0.133,0.132,0.737,0.309,0.623,-0.335,0.594,,1.453,0.326,0.599,0.422,1.106,0.134,0.242,0.891,0.673,0.728,0.288,0.288,0.73,0.168,,0.295,0.557,0.401,,0.423,0.65,0.662,0.309,0.943,-0.005,0.141,,0.934,0.695,0.654,0.67,0.466,1.129,1.069,-0.094,0.98,,0.413,0.948,0.244,0.751,,,0.661,0.266,0.8,1.211,0.666,0.307,0.978,0.361,1.362,0.366,0.559,0.489,1.52,-0.129,0.39,0.455,0.405,0.881,0.71,1.151,0.85,1.152,0.755,0.968,-0.123,0.319,-0.169,0.402,0.626,0.214,0.961,0.918,-0.15,0.916,0.96,0.446,-0.171,1.895,0.565,0.214,0.556,1.429,0.331,0.76,-0.052,0.25,0.933,0.509,0.959,0.514,,0.596,0.598,0.635,0.659,0.831,1.015,-0.102,0.447,1.175,0.665,0.518,0.471,-0.037,,1.312,1.965,,0.404,1.374,0.225,0.175,0.078,,-0.431,0.614,0.526,0.128,-0.107,0.802,0.798,0.731,,-0.185,-0.074,0.772,-0.279,,-0.454,0.424,-0.148,0.522,0.056,0.918,0.891,0.444,-0.246,0.012,1.613,0.494,0.084,0.681,-0.502,0.269,-0.423,1.281,,0.946,0.404,0.409,-0.316,0.455,,0.937,,0.018,1.286,,-0.142,0.624,0.631,,-0.234,0.484,0.391,0.689,0.228,-0.045,,1.505,0.719,,0.447,0.743,-0.321,0.989,1.06,-0.074,1.269,0.376,0.181,0.587,,0.599,0.366,1.421,-0.005,1.43,1.258,0.493,0.687,-0.339,-0.401,0.867,0.612,0.385,0.337,1.082,,1.539,0.409,0.603,0.287,0.299,0.235,1.345,0.096,,0.496,0.111,0.656,0.588,0.543,0.443,0.68,0.161,0.84,0.565,0.403,0.544,0.958,0.744,0.614,1.753,0.885,0.062,0.369,0.028,1.096,1.148,0.817,0.905,0.904,0.289,0.303,0.091,0.151,0.349,0.719,0.545,0.982,0.529,0.473,0.586,0.752,0.587,0.433
Y1998,0.669,0.865,1.189,,1.008,1.199,0.963,-0.484,0.987,0.291,1.432,1.177,1.022,1.348,1.266,1.025,1.367,0.555,0.972,0.691,,1.02,1.118,1.105,0.772,0.88,1.083,1.086,1.302,0.936,1.307,0.779,0.973,0.491,1.579,1.278,1.214,2.476,1.033,1.121,0.846,0.809,0.631,1.269,0.952,0.952,1.269,1.224,0.87,1.209,0.933,0.886,1.015,,0.945,1.279,1.153,1.133,0.935,1.258,,1.739,0.879,0.872,0.963,0.88,1.407,1.243,0.629,1.075,1.052,0.573,0.553,0.957,0.81,,,0.46,0.896,0.083,0.924,1.392,0.617,0.689,1.018,1.529,1.344,1.152,1.153,1.181,0.693,1.268,1.057,0.934,1.066,1.125,1.509,1.35,1.256,0.841,1.226,1.104,0.129,0.493,0.988,1.137,1.19,0.922,0.922,0.846,0.934,1.402,1.193,1.003,0.5,0.332,0.641,1.393,0.822,1.415,0.652,1.031,0.931,1.274,0.82,1.214,0.735,,0.761,0.87,1.223,1.005,1.193,0.844,-0.12,0.866,1.701,0.909,0.931,0.703,0.38,,0.939,2.146,,0.987,1.635,0.873,1.135,1.316,,0.298,1.07,1.099,1.577,1.004,1.135,0.827,1.09,,1.389,0.812,0.393,0.766,,0.364,0.672,0.853,0.884,1.327,0.197,1.295,1.235,-0.439,0.947,1.22,1.068,1.212,1.418,0.756,1.014,0.786,-0.03,0.491,1.244,0.987,0.949,0.812,1.057,,1.081,1.181,1.042,1.485,,0.977,0.999,0.867,,1.044,1.381,0.762,0.857,0.826,,,1.163,1.335,,0.648,1.391,0.174,0.567,1.106,1.188,0.736,1.406,1.058,1.137,,0.667,1.192,1.169,1.001,1.025,1.486,0.276,0.429,0.733,0.951,0.847,0.49,1.261,0.959,0.082,,0.501,1.107,1.061,1.278,0.425,0.708,1.324,,,1.037,0.932,0.992,0.961,0.741,0.993,0.915,1.036,1.185,1.421,1.864,0.783,1.205,1.017,1.047,0.589,1.389,0.665,1.148,1.046,0.187,0.049,0.482,1.039,1.045,1.038,1.021,1.286,0.499,0.615,0.87,0.926,0.94,1.292,0.834,1.009,0.953,1.018,1.437
Y1999,1.178,0.743,1.579,0.274,1.067,0.443,0.412,-0.594,0.451,0.115,1.571,0.294,0.542,0.987,1.292,0.721,2.031,0.782,0.364,1.491,,1.434,0.471,0.717,1.015,0.297,0.631,0.777,0.575,0.36,0.531,0.692,0.548,,0.594,0.36,0.738,1.708,0.556,0.485,0.565,1.332,0.194,1.228,0.972,0.972,1.23,0.752,0.155,1.163,0.023,0.338,0.599,0.92,-0.385,0.505,0.698,0.704,1.074,1.118,,1.343,0.306,1.335,0.48,0.322,0.941,0.265,0.758,0.524,0.572,0.946,1.535,0.436,0.385,,,0.635,0.664,1.169,1.19,0.598,0.426,0.449,0.489,0.777,1.263,1.366,0.598,0.794,0.868,0.52,0.44,0.382,0.745,0.487,0.765,0.384,1.151,0.692,0.569,0.621,0.386,0.381,0.244,1.62,1.801,1.066,1.104,0.839,0.89,0.761,0.943,0.966,1.378,0.339,0.066,2.121,1.082,0.655,1.552,1.099,1.259,0.761,1.33,0.982,1.479,,0.409,0.23,0.473,0.388,0.417,1.253,-0.398,0.308,0.508,0.269,0.359,0.607,-0.094,,0.941,1.778,,0.451,1.168,0.273,0.845,0.874,,0.686,1.574,0.352,0.789,1.037,0.179,0.749,0.798,,,0.654,1.271,0.633,,0.74,0.47,0.849,-0.137,0.33,0.089,0.387,0.434,,1.202,0.62,0.51,1.764,0.98,0.864,0.394,0.612,0.417,,1.389,0.451,0.362,1.736,0.44,0.315,0.813,0.908,1.524,0.509,,0.548,0.335,0.546,,0.789,0.885,0.36,0.586,1.094,,,0.792,0.511,,0.503,0.548,2.067,1.367,0.98,1.271,1.055,0.391,0.203,0.687,,0.584,0.482,1.92,1.228,1.379,1.024,0.477,0.151,1.157,1.244,1.121,-0.201,0.747,0.393,0.018,,1.313,1.219,0.379,0.757,0.496,0.461,0.992,,,0.239,0.157,0.788,0.666,0.268,0.454,1.081,0.955,0.6,0.809,1.219,0.544,0.788,0.387,1.091,1.345,1.291,0.832,0.445,1.394,0.588,0.475,1.222,0.779,1.245,0.547,0.559,0.379,0.061,0.414,1.074,0.473,0.841,0.491,0.505,0.59,0.864,0.734,1.008
Y2000,0.996,1.139,0.91,0.541,1.055,0.204,0.098,-0.778,0.183,-0.219,1.109,0.08,0.122,1.772,1.147,0.307,1.189,0.279,0.221,1.922,1.478,,0.163,0.546,0.199,0.304,1.53,-0.494,0.555,0.019,0.448,1.179,0.533,0.375,0.838,0.18,0.456,1.299,,0.716,0.316,0.869,-0.262,0.573,0.302,0.302,0.573,0.459,0.073,0.301,0.006,0.388,0.384,0.589,-0.055,0.423,1.609,0.505,0.613,1.913,,0.561,0.458,1.721,0.908,0.135,0.711,0.286,-0.007,0.275,0.41,0.689,2.075,-0.154,0.6,,,0.33,0.801,2.04,1.174,0.575,0.307,0.661,0.222,1.001,0.992,1.761,0.435,0.894,0.75,0.838,0.305,0.123,0.496,0.633,1.022,0.623,0.899,1.108,0.268,1.756,0.183,0.274,0.229,1.174,0.878,0.561,0.621,0.192,1.216,0.556,0.625,0.281,1.51,0.621,0.332,1.22,1.093,0.014,2.011,0.532,0.339,0.461,0.382,1.466,2.015,1.646,0.426,0.666,0.419,0.351,0.69,1.042,-0.284,0.12,1.161,0.214,0.401,0.592,-0.008,,1.133,0.996,,0.183,1.074,0.293,0.162,0.023,,0.157,1.594,0.136,0.314,0.294,0.26,0.896,0.595,,-0.064,1.138,1.44,0.535,,0.588,0.455,0.194,0.128,0.318,0.132,0.433,0.546,0.501,1.885,0.649,0.106,1.019,0.343,1.406,0.455,1.328,1.322,0.254,1.49,0.183,0.2,1.163,0.305,0.722,1.317,0.446,0.791,0.893,,1.432,0.441,,,1.647,1.804,0.665,0.671,0.266,,,0.785,0.625,,0.474,0.679,1.976,1.726,1.421,0.647,0.893,0.014,,0.636,,0.737,,1.199,0.513,1.371,0.821,0.585,0.486,1.416,0.619,0.709,0.543,0.991,0.022,0.296,,1.387,1.025,0.297,0.135,-0.028,0.627,0.906,,,0.133,-0.302,0.735,0.496,0.432,0.393,0.579,0.024,0.767,0.735,1.141,0.522,0.561,0.312,0.68,1.437,0.628,0.608,0.21,0.72,1.342,1.346,1.482,1.016,1.443,0.143,0.128,0.369,0.196,0.51,1.399,0.529,0.746,0.509,0.548,0.499,1.081,0.494,0.866
Y2001,1.315,1.607,1.946,0.708,1.505,0.27,0.423,-0.062,,0.395,1.485,0.698,0.32,1.507,1.461,0.237,1.281,0.439,0.446,1.958,1.337,,0.428,0.64,0.725,0.567,1.54,0.03,0.776,0.426,0.541,1.63,0.5,-0.119,1.128,0.595,0.288,1.432,,0.412,0.251,1.1,-0.005,1.037,0.846,0.846,1.038,0.781,0.493,0.129,0.467,0.537,0.296,0.678,0.581,0.498,1.588,0.461,1.129,1.228,,0.819,0.245,1.045,0.835,0.366,0.773,0.519,0.644,0.581,0.394,0.623,1.849,0.484,0.742,,,0.578,0.808,1.381,1.394,0.602,0.498,0.591,0.202,1.28,1.331,1.289,0.559,1.352,1.395,0.829,0.56,0.4,0.519,0.788,1.212,0.79,0.711,1.476,0.52,1.413,0.556,0.398,0.495,1.474,1.175,0.54,0.506,0.794,1.519,0.823,0.405,0.882,1.667,0.686,0.614,1.35,1.442,0.717,1.818,1.115,0.618,0.54,1.352,1.447,1.794,1.432,0.61,0.561,0.593,0.555,0.599,1.653,-0.03,0.364,1.319,0.541,0.555,0.508,0.164,,1.406,1.696,,,1.978,0.45,0.607,0.417,,0.528,1.27,0.646,0.553,0.598,0.632,0.381,0.315,,0.231,1.652,0.625,0.587,,0.688,,0.797,0.481,0.513,0.65,0.541,0.666,0.257,1.285,1.151,0.559,1.017,0.837,1.621,0.906,1.52,0.818,-0.174,1.112,,0.45,0.598,0.56,0.999,1.62,0.467,0.905,1.12,,1.501,0.768,0.914,,1.262,1.73,,1.025,0.517,0.49,,1.381,0.87,,0.378,0.591,1.387,1.074,1.45,1.131,1.369,0.623,,0.791,-0.128,1.009,0.762,2.177,1.508,1.591,0.799,0.845,0.266,1.788,0.453,0.617,0.378,0.776,0.448,1.209,,1.552,0.927,0.651,0.69,0.301,0.849,1.336,,,0.356,0.112,0.836,0.677,0.547,0.271,1.197,0.381,0.655,0.852,1.102,0.516,0.571,0.623,1.019,1.623,1.1,0.801,0.575,1.043,0.953,0.89,0.995,1.438,1.365,0.342,0.329,0.535,0.359,0.732,1.315,0.528,0.9,0.617,0.55,0.623,0.952,0.754,0.891
Y2002,1.317,0.559,1.329,1.027,0.845,0.701,0.639,1.259,0.514,0.269,1.218,,0.706,1.54,1.488,0.951,1.629,0.471,0.465,1.87,1.397,,0.732,0.814,0.498,0.924,1.159,0.593,1.109,0.661,0.678,0.833,0.992,0.467,1.279,0.629,0.784,0.556,,0.779,0.767,1.055,0.072,1.132,0.943,0.943,1.133,0.913,0.582,0.678,0.706,0.992,0.71,0.567,0.648,0.747,1.258,0.881,0.808,1.531,,0.801,0.704,1.651,1.473,0.536,1.013,0.813,0.759,0.847,0.694,1.203,1.501,0.558,1.126,,,1.139,0.831,1.188,1.055,0.762,0.803,0.647,0.609,1.502,1.087,1.486,0.823,0.933,0.523,1.184,0.618,0.573,0.794,1.152,1.403,0.668,0.966,0.793,0.91,1.443,0.761,0.735,0.567,1.627,1.046,0.822,0.885,0.666,0.915,0.968,0.618,0.561,2.261,0.809,0.716,1.68,1.406,0.599,1.725,0.802,0.601,0.871,0.954,1.398,1.906,1.389,0.566,0.676,0.739,0.713,1.239,0.924,0.107,0.545,1.268,0.443,1.008,0.658,0.034,,0.951,1.793,,0.514,1.353,0.537,0.639,0.849,,0.57,1.527,0.743,0.565,0.442,0.837,0.747,0.818,,0.147,0.42,1.398,0.773,,0.902,,0.668,0.714,0.79,1.109,0.835,0.563,0.596,1.697,0.665,0.737,1.486,0.591,1.36,0.603,1.202,1.592,0.401,1.226,0.514,0.569,-0.04,0.618,1.247,1.084,0.728,1.102,1.443,,1.012,0.537,1.085,,1.401,1.526,,1.003,0.465,-0.624,,0.778,1.016,,1.109,0.931,1.618,1.57,1.264,0.837,1.108,0.619,,0.844,-0.228,1.184,0.609,1.441,0.786,1.832,1.101,0.882,0.766,1.534,1.005,0.997,0.578,0.946,0.684,0.573,,1.816,0.87,0.688,0.695,0.564,1.024,1.203,,,0.768,0.522,1.018,0.894,0.772,0.725,1.119,0.613,1.011,0.789,0.757,0.689,0.907,0.837,1.16,2.075,1.196,1.028,0.61,0.998,1.505,1.584,1.327,0.829,1.267,0.703,0.697,0.785,0.369,0.99,1.203,0.881,1.277,0.828,0.892,0.916,1.137,0.935,0.774
Y2003,0.598,1.079,1.668,0.551,1.987,0.891,0.664,-0.474,,0.626,0.201,0.912,0.79,1.469,-0.055,1.082,1.312,0.311,0.868,0.068,1.522,,0.951,1.052,0.529,0.644,1.11,1.0,1.001,0.657,0.8,0.156,0.961,0.504,1.409,0.649,0.934,1.256,,0.879,0.825,1.404,0.264,0.823,0.945,0.945,0.823,0.863,0.691,0.493,0.767,0.668,0.812,0.526,0.859,1.026,1.275,1.071,0.579,1.08,,0.873,0.732,0.708,1.286,0.4,1.183,0.855,0.655,1.045,0.946,0.79,0.26,0.62,1.119,,,1.697,0.805,0.729,1.807,0.955,0.714,0.395,0.826,1.156,-0.206,1.253,0.99,1.469,0.47,2.326,0.979,0.486,0.964,1.054,1.111,1.268,1.204,1.541,0.81,0.733,1.787,0.583,0.571,0.891,0.853,1.014,1.042,0.497,1.522,1.129,0.31,0.407,0.113,0.968,0.799,1.635,0.427,0.982,0.252,0.621,0.721,0.92,0.994,1.679,0.176,1.686,0.657,0.851,0.754,0.612,1.246,1.382,0.072,0.472,1.166,0.732,0.681,0.806,-0.027,,1.695,0.511,,,1.851,0.527,0.625,1.274,,0.355,1.201,0.907,0.348,0.254,0.854,0.995,0.871,,0.025,0.695,1.117,0.698,,0.439,0.445,0.499,0.896,0.777,0.759,0.821,0.653,-0.058,0.365,1.444,0.83,1.223,0.567,-0.285,0.743,0.127,0.997,0.471,1.59,,0.753,0.117,0.979,0.79,1.609,0.925,1.005,1.119,,0.747,0.729,0.922,,0.674,1.453,0.66,1.185,0.812,1.097,,1.562,0.954,,0.897,1.078,0.844,0.92,1.85,0.516,0.522,0.762,0.56,1.119,,0.903,1.147,1.884,0.291,0.085,1.27,0.615,0.873,-0.272,0.895,1.179,0.903,0.986,0.69,0.274,,0.129,0.496,1.12,1.046,0.375,1.037,1.35,,,0.939,0.444,0.896,0.999,0.874,0.817,1.187,0.993,1.063,0.999,1.147,0.823,1.094,0.856,0.644,0.142,0.764,0.638,0.68,0.754,0.972,0.915,0.943,1.313,1.573,0.771,0.772,0.751,0.393,0.749,1.061,0.891,0.664,0.961,0.819,0.889,0.95,0.857,0.987
Y2004,1.317,0.506,1.07,0.356,0.942,0.308,0.333,0.129,0.368,0.415,1.21,0.448,0.671,0.842,1.379,0.395,1.437,0.35,0.718,0.916,1.085,,0.699,0.828,0.507,0.818,0.607,0.151,0.86,0.309,0.583,0.489,0.84,0.632,1.442,0.491,0.889,0.51,,0.988,0.813,1.025,0.446,1.111,0.705,0.705,1.114,0.444,0.466,0.359,0.643,0.592,0.75,0.543,0.763,0.76,0.666,0.853,0.625,0.825,,1.536,0.718,1.037,1.013,0.414,0.779,0.827,0.571,0.804,0.813,1.255,1.204,0.442,0.887,,,1.101,0.605,1.242,0.978,0.966,0.534,0.62,0.724,1.252,0.961,0.997,0.729,1.088,0.414,1.46,0.524,0.369,0.666,1.12,1.252,1.091,0.858,0.534,0.614,0.573,1.237,0.475,0.517,1.457,0.99,0.886,0.939,0.498,0.752,0.963,1.108,0.535,2.185,0.75,,1.574,1.498,0.435,1.027,0.652,0.635,0.868,0.784,0.916,0.878,1.01,0.418,0.719,0.654,0.48,1.202,0.684,0.207,0.442,1.269,0.349,0.52,0.273,0.245,,0.908,1.754,,0.368,1.286,0.299,0.577,1.082,,0.429,1.157,0.505,0.466,0.05,0.693,0.807,0.807,,0.274,0.417,1.315,0.697,,0.893,0.716,0.498,0.674,0.312,0.414,0.799,0.543,-0.453,0.783,1.004,0.349,1.269,1.145,0.641,0.766,0.538,1.403,0.505,1.468,0.368,0.519,0.542,0.524,0.273,0.849,0.758,1.001,1.111,,0.519,0.327,1.21,,0.574,0.756,0.766,0.625,0.908,,,0.961,0.879,,1.089,1.098,0.738,1.202,0.98,0.627,1.164,0.497,0.617,0.851,1.045,1.004,0.775,1.11,0.585,1.676,0.872,0.712,0.729,0.922,0.882,1.019,0.764,0.855,0.303,0.425,,1.909,0.608,0.77,0.408,0.529,0.742,1.502,,,0.413,-0.027,0.914,0.825,0.596,0.699,0.984,0.791,0.993,0.694,0.696,0.358,0.782,0.738,1.088,2.021,1.201,0.853,0.523,0.881,1.282,1.346,1.177,0.777,0.984,0.632,0.65,0.358,0.402,0.482,0.92,0.811,1.179,0.702,0.823,0.852,1.013,0.843,0.689
Y2005,0.386,0.282,1.346,0.83,0.864,1.029,0.629,0.875,0.688,0.199,0.529,0.585,1.144,0.641,0.88,0.52,1.114,0.687,1.175,1.261,1.193,,0.852,1.216,0.802,0.748,0.15,1.328,1.202,0.575,0.867,0.167,1.415,,1.0,0.664,1.05,1.298,0.752,1.054,1.123,1.205,0.102,1.049,0.773,0.773,1.05,0.662,1.009,0.635,0.761,0.688,0.72,0.41,0.577,1.027,0.29,0.496,0.348,0.754,,0.778,0.957,1.287,1.269,0.745,0.974,0.815,0.44,0.747,0.835,0.916,1.612,1.053,1.128,,,0.547,0.77,2.212,1.025,1.416,0.674,0.181,0.665,1.637,0.59,1.022,0.963,0.902,0.308,1.876,1.144,0.68,0.813,1.246,1.587,1.126,1.045,0.473,1.088,0.258,0.458,0.479,0.669,0.773,0.443,1.164,1.158,0.146,0.568,1.053,0.726,0.022,1.571,0.844,,0.775,1.151,0.897,1.353,0.29,0.772,0.984,0.759,0.679,1.201,1.124,0.636,1.236,0.857,0.905,1.385,0.663,0.13,0.763,1.265,0.406,0.646,0.732,0.169,,0.834,0.964,,0.688,1.437,1.006,0.874,1.041,,0.769,1.245,0.698,0.32,0.452,0.948,1.379,1.249,,0.307,0.212,1.78,0.71,,0.116,0.549,0.145,0.72,0.655,0.6,0.893,0.646,-0.225,0.885,0.972,0.646,0.873,0.847,0.822,0.586,0.279,1.71,,1.359,0.688,0.97,0.888,1.144,0.888,0.464,0.662,0.58,1.336,,-0.027,0.542,1.255,,0.422,0.506,0.874,1.226,1.08,0.124,,0.857,0.925,,1.216,1.398,2.447,1.827,0.814,0.234,0.628,0.84,1.248,1.085,,1.102,1.491,1.24,0.433,1.336,1.059,0.803,1.414,1.027,0.524,1.104,1.049,1.143,0.583,0.752,,1.353,0.694,0.904,0.826,0.014,0.931,1.095,,,1.159,1.124,1.103,1.1,1.051,0.994,1.075,1.118,1.289,1.048,1.235,0.761,0.728,0.883,0.862,1.463,1.022,0.52,0.757,0.525,1.537,1.626,1.629,0.593,1.0,1.091,1.121,0.66,0.294,0.782,1.03,1.094,1.168,0.889,0.982,1.017,1.351,0.93,1.116
Y2006,1.647,0.492,1.482,0.749,1.494,0.369,0.494,-0.081,0.503,0.529,1.7,0.61,0.643,0.923,1.556,0.235,1.851,0.913,0.93,0.633,1.393,,0.638,1.141,1.084,0.906,0.627,-0.252,0.882,0.513,0.541,0.52,1.137,,1.184,0.637,1.071,2.353,0.689,1.071,1.367,1.148,0.488,1.228,0.949,0.949,1.23,0.721,0.224,0.329,0.587,0.494,0.703,0.61,0.551,0.918,0.724,0.851,0.638,0.958,,0.639,0.834,1.354,0.961,0.623,1.058,0.792,0.654,0.695,0.675,1.057,1.26,0.381,0.988,,,1.185,0.813,1.216,1.31,0.872,0.83,0.337,0.658,1.365,1.337,1.253,0.975,1.481,0.34,1.715,0.919,0.544,0.587,1.173,1.349,1.026,0.954,0.662,0.682,0.724,1.038,0.578,0.386,1.789,1.519,1.151,1.222,0.544,0.854,1.046,0.378,0.676,1.453,0.859,0.777,1.953,1.585,0.85,1.079,0.733,-0.051,1.005,0.848,0.974,0.917,1.351,0.808,1.019,0.566,0.464,1.108,1.028,0.063,0.653,1.338,0.324,0.471,0.854,0.212,,1.188,1.26,0.511,0.503,1.641,0.551,0.777,-0.193,,0.895,1.498,0.499,0.223,0.395,0.662,1.387,1.328,,0.189,0.434,1.519,0.768,,0.867,0.589,0.541,0.622,0.271,0.992,0.871,0.686,0.535,0.84,1.533,0.626,1.658,0.439,0.24,0.414,0.499,0.558,,1.653,0.503,0.802,1.776,0.919,0.478,0.871,0.739,1.205,1.332,0.565,,0.597,1.204,,0.659,0.899,0.618,1.018,0.428,0.748,,1.485,0.664,,1.137,1.026,3.886,1.491,1.1,1.026,1.373,0.628,0.313,1.095,1.801,0.886,1.005,1.464,0.882,1.718,1.161,0.681,1.078,0.282,0.992,1.238,0.92,1.013,0.505,0.539,,1.55,0.536,0.744,0.88,0.171,0.947,1.294,,,0.608,-0.042,1.001,0.94,0.792,0.875,1.155,0.083,1.235,1.234,1.692,0.808,0.868,0.786,1.101,1.5,1.192,1.038,0.576,1.134,0.678,0.556,1.328,1.04,1.264,0.614,0.635,0.312,0.493,0.707,1.126,1.006,1.149,0.676,0.992,0.932,1.081,0.944,1.291
Y2007,0.616,1.475,1.31,1.589,1.005,0.659,0.728,0.68,0.7,-0.232,0.735,0.962,0.864,2.15,1.029,0.829,1.058,0.414,0.775,2.347,1.875,,0.819,0.932,1.096,0.527,1.909,0.569,1.059,0.764,0.546,1.834,0.836,0.669,0.65,0.517,0.776,1.332,0.84,0.628,0.596,1.315,-0.327,1.531,1.061,1.061,1.534,0.791,0.596,0.552,0.693,0.826,0.745,0.64,0.676,1.026,1.99,0.836,0.835,2.174,,1.562,0.635,2.144,0.952,0.682,1.202,0.809,0.508,0.653,0.867,0.378,2.266,0.984,0.87,,,0.991,1.19,1.955,1.403,1.162,0.864,0.158,0.869,1.27,0.925,2.086,0.94,0.886,1.146,1.357,0.836,0.707,0.747,1.07,1.266,0.945,1.133,1.343,0.817,2.165,1.103,0.513,0.443,0.797,0.862,1.34,1.312,0.468,1.557,0.958,0.99,0.454,2.226,0.574,0.865,1.147,1.692,0.573,2.2,0.743,0.621,0.94,0.914,1.95,2.191,1.934,0.7,0.994,0.598,0.509,0.957,1.355,0.067,0.695,0.961,0.522,0.845,0.465,0.079,,1.642,2.768,1.756,0.7,1.187,0.661,0.434,1.075,,0.595,2.061,0.851,0.61,0.26,0.915,1.09,0.942,,0.275,1.568,1.703,0.568,,0.567,0.686,0.47,0.628,0.463,0.356,0.616,0.752,0.111,2.151,0.746,0.846,0.999,1.215,2.31,0.628,2.088,2.495,0.694,1.059,0.7,0.764,0.324,0.836,1.13,1.807,0.97,0.728,1.181,1.901,,0.84,0.934,,2.176,2.201,1.03,1.155,0.826,0.169,,0.794,0.641,,0.395,0.998,3.05,1.935,1.816,0.802,1.102,0.497,0.587,0.989,1.671,1.153,0.987,1.589,0.964,1.157,1.304,0.767,0.491,2.383,0.588,1.321,0.769,1.134,0.769,0.094,,1.363,1.004,0.807,0.516,-0.136,1.169,0.867,,,0.864,0.363,1.198,0.818,0.76,0.658,0.85,0.846,0.994,0.941,1.237,0.531,0.955,0.666,1.182,1.932,1.676,0.605,0.496,0.778,2.31,2.471,1.767,1.232,1.735,0.824,0.844,0.535,0.504,0.994,1.683,0.727,1.229,0.777,0.73,0.842,1.671,0.87,1.113
Y2008,0.671,1.129,1.282,0.695,0.912,0.336,0.204,0.605,0.185,0.529,0.88,0.327,0.553,1.592,0.976,0.857,1.299,0.213,0.437,2.239,1.247,,0.546,0.726,0.689,0.398,1.42,0.502,0.796,0.21,0.381,1.141,0.288,0.304,1.131,0.378,0.728,0.853,0.647,0.73,0.536,0.843,0.383,1.088,0.463,0.463,1.09,0.592,0.159,0.523,0.413,0.605,0.676,0.504,0.245,0.749,1.464,0.425,1.05,1.65,,1.484,0.534,1.865,0.393,0.27,0.625,0.665,0.832,0.447,0.728,1.224,2.607,0.564,0.79,,,0.917,0.663,2.142,0.982,0.909,0.364,0.406,0.759,1.531,0.716,1.539,0.696,1.042,0.934,0.953,0.685,0.227,0.442,1.218,1.603,0.855,0.696,0.988,0.55,1.516,0.757,0.167,0.263,1.031,1.063,0.83,0.823,0.668,1.135,0.574,0.658,0.634,1.587,0.81,0.62,1.462,0.987,0.243,2.394,0.992,0.367,1.123,0.939,1.405,2.216,1.273,0.522,0.679,0.483,0.279,0.549,1.273,-0.181,0.306,1.223,0.268,0.614,0.537,-0.134,,1.089,1.805,1.317,0.185,1.336,0.359,0.416,0.736,,0.345,1.421,0.344,0.526,0.564,0.555,0.488,0.726,,0.164,1.171,1.633,0.47,,0.256,,0.668,0.346,0.345,0.358,0.715,0.457,0.029,1.756,0.627,0.289,1.168,0.929,1.454,0.478,1.298,2.227,0.428,1.137,0.185,0.482,0.401,0.685,0.664,1.219,0.692,0.914,1.255,1.347,,0.52,1.363,,1.549,1.605,,0.796,0.691,0.693,,0.828,0.553,,0.845,1.203,1.84,1.962,1.206,1.036,0.789,0.345,0.311,0.818,0.682,0.633,0.857,1.579,0.837,0.762,0.743,0.359,0.676,1.626,0.574,0.828,0.53,0.203,0.232,0.705,,0.687,0.907,0.648,0.206,-0.111,0.609,1.349,,,0.543,0.325,0.938,0.754,0.613,0.547,1.041,0.659,0.764,0.593,0.537,0.522,0.534,0.666,0.873,1.327,1.172,0.456,0.324,0.875,2.024,2.173,1.698,1.011,1.241,0.543,0.553,0.376,0.222,0.506,1.388,0.636,0.858,0.645,0.604,0.718,1.218,0.742,0.647
Y2009,0.841,1.002,1.044,,1.381,0.554,0.424,1.314,0.366,0.784,0.711,0.773,0.968,1.55,0.846,0.442,1.202,0.976,0.577,1.583,1.156,,0.888,1.057,1.519,0.735,1.427,0.064,1.031,0.483,0.826,1.247,0.932,,0.965,0.338,1.15,0.544,0.551,1.244,1.312,0.745,0.407,1.333,1.0,1.0,1.335,0.777,0.345,0.529,0.899,0.937,0.695,0.362,0.87,0.919,1.504,0.628,1.015,1.429,,1.033,0.748,1.332,1.589,0.476,0.705,1.052,0.841,1.011,0.831,1.891,1.615,0.347,1.369,,,1.461,0.51,1.699,1.199,1.279,0.818,0.329,0.76,0.917,0.718,1.278,0.845,1.314,0.82,0.837,0.686,0.437,1.045,1.056,1.178,1.269,0.807,1.08,0.746,1.633,0.917,1.035,0.575,1.113,0.787,0.796,0.865,0.77,1.248,0.84,0.792,0.502,1.208,1.348,1.001,1.362,0.997,0.606,1.506,0.886,0.392,1.309,0.901,1.418,1.379,1.18,0.85,1.004,0.747,0.631,0.982,1.109,0.022,0.506,0.862,0.888,0.899,1.073,0.211,,1.459,1.442,1.264,0.366,1.427,0.573,0.843,0.701,,1.216,1.215,0.708,0.35,0.058,0.768,1.522,1.419,,,1.034,1.405,0.682,,0.934,0.619,0.779,0.871,0.324,0.99,0.981,0.6,-0.132,1.276,1.408,0.511,1.135,0.926,1.689,1.025,1.571,1.196,,1.706,0.366,0.595,0.655,0.686,,1.358,0.893,1.052,0.701,1.376,,0.783,1.041,,1.518,1.657,0.51,1.54,0.799,0.07,,1.316,0.703,,1.565,1.445,1.906,1.435,1.377,0.681,0.671,0.449,0.728,0.994,,0.694,0.748,1.073,0.673,1.104,0.768,0.732,1.224,1.596,0.762,0.941,0.963,0.386,0.488,0.486,,1.06,0.724,0.947,0.682,0.17,0.685,0.918,,,0.571,-0.094,0.967,1.011,0.986,0.895,1.16,0.601,1.131,0.709,0.473,1.028,0.659,0.933,1.075,1.149,1.323,1.027,0.616,0.883,1.239,1.224,1.36,1.266,1.257,0.9,0.938,0.35,0.58,0.766,1.326,1.05,1.071,0.756,1.078,1.027,0.901,1.013,0.715
Y2010,1.564,1.294,2.359,1.271,0.441,1.058,0.916,0.813,0.96,0.078,2.703,1.289,0.644,0.664,2.36,0.336,2.189,0.943,1.32,1.436,0.229,,0.799,1.352,1.321,0.709,1.01,1.27,1.181,0.884,0.877,1.304,1.249,,2.45,1.107,1.26,2.917,0.753,1.252,1.325,0.17,-0.091,0.961,0.477,0.477,0.963,0.513,,0.897,1.049,1.179,1.142,0.88,0.957,1.225,0.874,0.496,1.991,0.417,,0.365,1.197,-0.189,1.131,1.127,1.401,1.112,2.249,0.63,1.106,1.754,0.55,1.122,1.306,,,0.268,1.008,0.246,0.379,1.501,0.774,0.496,0.925,1.539,2.449,0.192,1.254,1.384,1.629,3.042,1.428,1.002,0.716,1.45,1.666,1.311,1.208,0.814,0.722,0.828,1.172,1.017,0.752,2.16,2.597,-0.115,-0.123,2.265,0.774,1.331,0.909,2.556,1.33,1.177,0.709,2.643,1.341,1.315,0.691,2.364,1.143,1.306,2.139,0.498,0.748,0.316,1.138,1.238,0.978,0.766,1.665,1.344,0.188,1.141,1.918,1.066,1.141,0.284,0.335,,0.438,0.351,1.242,0.96,2.276,1.002,1.158,1.47,,1.248,0.091,1.181,0.756,0.595,0.82,1.787,1.538,,,1.387,-0.328,1.09,,1.187,0.566,2.274,0.958,1.022,0.408,1.227,0.92,0.059,0.403,1.119,1.008,1.986,0.472,1.251,0.947,1.122,0.885,,1.173,0.96,1.28,1.28,1.428,1.127,0.703,1.08,2.179,1.461,1.184,,0.998,1.519,,0.709,0.797,1.047,1.294,1.195,0.684,,0.86,1.107,,1.618,1.541,2.272,-0.281,0.461,2.489,1.19,1.248,0.944,1.383,1.058,1.158,1.584,1.974,2.365,1.927,1.5,1.005,1.287,1.623,1.406,-0.068,1.194,0.679,0.892,0.241,,1.776,1.105,1.325,1.105,0.077,0.992,1.905,,,1.48,1.06,1.228,1.541,1.233,1.191,2.057,1.295,1.624,1.33,1.826,0.393,0.867,0.906,1.251,1.448,0.868,1.384,0.968,2.194,0.817,0.91,0.02,0.986,0.328,0.666,0.642,1.016,0.513,0.946,0.488,1.387,1.267,1.126,1.345,1.35,1.209,1.24,1.246
Y2011,1.342,1.123,1.492,0.79,1.643,0.708,0.345,0.725,0.457,0.324,0.676,0.385,0.176,1.376,0.831,0.392,1.409,0.243,0.867,0.994,1.286,,0.674,1.072,0.604,1.145,1.163,0.348,0.841,0.226,0.502,0.368,0.981,0.628,1.376,0.315,0.693,1.444,0.439,0.806,1.053,1.136,0.103,0.788,0.434,0.434,0.791,0.058,0.185,0.618,0.535,0.815,0.556,0.79,0.501,0.912,1.268,0.463,0.71,1.047,,0.496,0.681,0.697,0.989,0.583,0.677,0.798,0.565,0.651,0.787,1.555,1.301,0.956,1.158,,,1.053,0.971,1.355,1.514,1.062,0.206,0.478,0.52,1.277,0.447,1.119,0.856,1.673,0.445,1.686,0.958,0.449,0.701,1.145,1.478,0.877,0.566,1.07,0.64,0.913,0.982,0.235,0.308,1.306,0.8,0.547,0.67,0.521,1.256,0.615,0.582,0.477,0.754,1.145,0.726,1.416,1.195,0.084,1.138,0.699,0.403,0.964,0.903,1.664,0.94,1.337,1.002,0.87,0.6,0.616,1.239,1.026,0.004,0.614,1.533,0.853,0.878,1.016,0.104,,1.387,0.795,1.022,0.457,1.967,0.745,0.467,-0.232,,0.324,1.062,0.383,0.587,0.666,0.649,1.197,0.975,,0.702,0.741,1.421,0.837,,0.734,0.566,0.529,0.564,0.417,0.725,0.914,0.48,,0.767,1.609,0.45,1.47,0.27,0.372,0.977,0.455,1.709,0.687,1.485,0.457,0.791,1.124,0.958,0.748,1.284,0.762,0.893,1.187,0.753,,0.908,1.136,,0.868,1.379,1.25,1.268,0.51,0.514,1.391,1.559,0.779,0.964,,1.051,2.106,1.277,1.667,0.687,1.321,0.208,-0.014,1.0,,0.923,1.18,1.258,0.391,1.137,0.748,0.909,0.849,0.551,1.074,0.834,0.885,0.53,0.27,0.417,,1.038,0.934,0.672,0.129,0.032,0.919,1.553,,,0.952,0.529,0.923,0.949,0.983,0.758,1.197,0.248,1.181,0.872,1.002,0.935,0.542,0.721,0.701,0.875,0.775,0.679,0.328,0.766,1.548,1.613,1.187,1.266,1.358,0.212,0.192,0.498,0.429,0.505,1.143,0.959,0.941,0.674,0.872,0.878,1.09,0.801,0.805
Y2012,0.102,1.603,1.238,0.901,1.233,0.401,0.52,-0.216,0.569,0.748,1.31,0.565,0.273,1.788,1.534,0.382,1.363,0.34,0.75,1.534,1.132,,0.594,0.725,0.472,0.855,1.804,0.822,1.118,0.487,0.678,1.634,0.461,,0.746,0.788,0.539,2.14,0.507,0.561,0.629,0.813,0.577,0.626,0.623,0.623,0.627,0.348,0.496,0.801,0.698,0.778,0.522,0.512,0.287,0.629,1.857,0.507,0.94,1.586,,0.384,0.469,1.147,,0.707,0.867,0.734,0.863,0.753,0.694,1.583,1.477,0.695,1.089,,,0.346,0.676,1.548,1.2,1.047,0.728,0.921,0.462,1.145,1.265,1.347,0.584,0.997,1.299,1.626,0.882,0.597,0.517,0.668,1.242,0.944,0.835,1.561,0.587,1.749,0.707,0.364,0.446,1.04,1.199,0.706,0.616,0.976,1.552,0.751,0.371,1.044,1.163,1.04,0.826,1.601,0.267,0.912,1.396,1.072,0.68,0.749,0.803,1.628,1.349,1.255,0.746,1.097,0.752,0.599,0.432,1.478,0.356,0.726,0.8,0.665,0.812,0.902,0.446,,1.379,0.253,1.703,0.569,1.567,0.722,0.869,0.119,,0.503,1.141,0.508,0.462,0.121,0.583,0.823,0.662,,0.231,1.476,1.067,0.788,,0.108,,0.989,0.556,0.303,0.929,0.998,0.772,,1.38,0.798,0.65,1.398,0.337,1.974,0.751,1.785,1.933,,1.293,0.569,0.795,1.979,0.882,0.883,1.703,0.791,1.239,0.832,1.71,,0.893,0.686,,1.597,1.958,1.381,1.218,0.644,-0.159,1.274,0.996,0.943,1.123,,1.121,3.825,1.318,1.513,1.075,-0.149,0.86,,0.709,,0.999,0.974,1.831,0.966,0.827,0.939,0.715,1.066,1.935,1.036,0.566,1.002,1.437,0.502,0.814,,0.664,0.639,0.59,0.754,0.235,0.865,1.343,,,1.139,0.614,1.081,0.781,0.99,0.504,1.094,0.522,0.672,1.352,1.786,0.827,0.647,0.943,0.693,0.975,0.563,0.49,0.663,1.143,1.789,1.913,1.15,1.314,1.3,0.276,0.268,0.386,0.619,0.807,1.315,0.711,0.759,0.666,0.618,0.692,1.512,0.768,1.274
Y2013,1.237,1.495,1.267,1.159,0.794,0.91,0.631,1.738,0.678,0.394,1.463,1.018,1.45,1.098,1.626,0.588,1.487,0.375,0.965,1.184,0.467,,0.74,0.989,0.87,0.63,1.368,1.071,1.06,0.595,0.846,1.438,0.824,,1.166,0.947,0.789,1.186,0.663,0.835,1.099,0.595,0.316,1.082,0.862,0.862,1.084,0.664,0.99,0.875,0.842,1.016,0.808,0.72,0.774,0.913,1.278,0.739,1.211,0.783,,0.263,0.755,0.401,1.336,0.712,1.156,0.707,0.969,0.761,0.802,1.339,1.188,0.437,1.218,,,0.574,1.067,1.427,0.695,1.17,0.544,0.375,0.721,1.253,1.438,0.58,0.827,0.95,1.394,1.377,1.059,0.668,0.702,1.152,1.504,1.012,1.081,0.93,0.865,1.177,0.697,0.307,0.778,1.579,1.157,0.628,0.457,1.058,1.015,1.018,0.598,1.016,1.636,0.951,1.026,1.399,1.394,1.092,1.074,1.291,0.586,0.859,1.234,0.936,0.953,0.565,0.646,0.92,0.962,0.66,0.985,1.371,0.349,0.739,1.358,0.966,0.901,0.748,0.553,,0.71,1.045,1.507,0.678,1.5,0.492,0.943,1.016,,0.252,0.421,0.924,0.511,0.995,1.065,1.041,1.057,,0.283,1.479,0.797,0.453,,0.712,0.611,1.069,0.878,0.793,0.485,0.788,0.872,,0.647,0.952,0.622,1.262,0.441,1.242,0.63,1.333,1.171,,1.277,0.678,0.901,1.304,1.059,1.141,1.013,0.809,1.216,1.177,1.436,,0.744,1.008,,0.976,1.256,1.411,1.317,0.719,-0.423,1.331,0.863,0.875,1.264,,1.238,2.272,0.86,0.782,1.401,1.19,1.066,0.515,0.9,,1.133,0.942,1.63,1.345,1.706,1.265,0.786,1.049,1.485,0.64,0.364,1.041,0.597,0.584,0.106,,1.522,0.975,0.982,0.926,0.849,0.943,1.389,,,1.114,0.427,1.021,1.014,0.96,0.863,1.24,0.884,1.067,0.864,0.902,0.772,0.874,0.834,1.054,1.604,1.048,0.774,0.889,1.183,1.118,1.174,0.866,1.077,0.675,1.396,1.435,0.83,0.727,0.832,0.901,0.982,1.133,0.939,0.875,0.977,1.109,0.955,0.991
Y2014,0.474,1.399,1.774,1.086,1.899,0.726,0.659,0.546,0.629,0.912,1.342,0.799,1.139,2.404,1.29,0.875,1.89,0.648,0.626,2.15,2.428,,0.744,1.089,1.012,1.019,1.873,0.18,1.293,0.683,0.785,1.189,0.877,,0.92,0.54,0.895,0.273,0.87,0.702,0.956,1.808,0.378,1.069,0.761,0.761,1.071,0.649,0.91,0.86,0.797,1.137,0.742,,0.69,0.806,2.039,0.913,1.074,2.51,,1.431,0.769,2.68,1.147,0.713,1.095,0.989,1.161,0.666,0.906,1.003,2.441,0.516,1.139,,,1.728,0.881,2.602,2.027,1.248,0.606,-0.048,0.761,1.476,1.244,2.516,0.862,1.551,1.116,1.423,0.928,0.676,0.598,1.091,1.717,1.364,1.204,1.487,0.664,2.236,1.618,0.419,0.745,1.03,1.104,1.363,1.519,0.759,1.661,1.239,0.532,0.802,0.682,1.035,1.165,1.512,0.534,0.662,2.313,1.081,0.653,0.833,1.262,2.217,2.217,2.482,0.776,1.154,0.951,0.735,0.851,1.571,0.412,0.711,1.254,1.127,1.116,0.853,0.374,,1.787,1.909,1.593,0.629,1.874,0.671,0.846,0.63,,0.379,2.558,0.839,0.585,0.535,0.806,1.228,1.14,,0.126,1.354,2.413,0.499,,0.32,0.665,0.75,0.836,0.481,1.293,0.997,0.725,,2.354,1.399,0.729,1.673,0.878,1.335,1.016,1.518,1.724,,1.36,0.629,0.783,0.418,0.928,1.038,1.61,0.918,1.276,1.135,1.636,,0.935,1.093,,2.35,2.442,1.396,1.355,0.805,-0.162,0.953,1.558,0.991,1.021,,1.435,3.382,2.704,2.15,1.217,0.485,0.638,0.6,1.07,,1.003,1.184,1.953,1.3,0.776,1.224,0.749,1.095,1.67,0.85,1.722,1.071,0.463,0.693,1.129,,0.167,0.869,1.002,0.567,1.002,0.903,1.341,,,0.967,0.291,1.052,1.036,0.971,0.799,1.515,0.611,1.073,0.733,0.389,0.824,0.993,1.105,0.909,0.621,1.166,0.581,0.736,1.183,1.807,1.738,2.346,1.582,2.25,1.083,1.119,0.556,0.737,0.815,2.057,0.921,0.927,0.936,0.82,0.971,1.119,1.003,0.811
Y2015,1.096,1.725,1.224,0.885,1.619,1.26,0.916,-0.095,0.925,0.91,1.979,1.601,1.051,2.153,1.698,1.103,2.441,0.808,1.098,2.23,1.37,,1.273,1.265,1.119,1.57,1.845,1.76,1.697,0.91,1.004,1.438,1.118,,0.906,1.061,1.183,1.198,1.111,0.986,1.438,1.164,0.701,1.286,1.243,1.243,1.288,0.662,0.965,0.93,1.23,1.353,1.038,,0.842,1.281,1.922,1.178,1.2,2.122,,1.109,0.862,1.514,1.722,0.919,1.378,1.369,1.114,1.228,0.892,1.926,2.393,1.049,1.447,,,0.765,0.8,2.624,1.579,1.345,0.682,0.739,0.905,1.516,1.767,1.671,1.135,1.483,0.964,0.223,1.091,0.918,1.15,1.31,1.69,1.624,1.355,1.659,1.122,2.086,0.377,0.576,0.734,1.814,1.866,0.429,0.416,1.236,1.744,1.321,0.812,1.455,1.612,1.207,1.3,2.177,1.504,1.349,2.165,1.431,1.171,1.24,0.764,2.022,2.092,1.54,1.093,1.063,1.131,0.864,1.097,1.584,0.299,0.926,1.294,1.302,1.341,1.096,0.384,,1.869,2.195,1.756,0.925,1.384,0.998,1.183,1.366,,0.636,1.279,1.217,0.789,0.569,1.045,1.044,1.322,,0.663,1.514,1.799,1.206,,0.486,0.925,1.232,1.083,0.353,1.651,1.377,0.985,,2.005,1.501,0.981,2.097,0.777,1.925,1.163,1.764,2.232,,2.24,0.925,1.014,0.159,1.091,0.877,1.847,0.839,1.943,1.25,1.775,,1.256,1.204,,2.128,2.131,1.343,1.707,1.348,0.004,1.178,1.471,0.989,1.596,,1.304,3.307,2.078,1.951,1.351,1.227,1.17,0.752,1.24,,1.049,1.31,1.314,0.801,1.48,1.518,0.901,1.157,2.034,1.498,0.618,1.32,1.508,0.918,1.01,,1.389,0.845,1.357,1.29,0.366,0.901,1.476,,,1.797,1.091,1.419,1.208,1.353,1.095,1.097,1.439,1.191,1.361,1.33,1.094,1.234,1.435,1.284,1.552,1.385,0.942,0.984,1.615,2.106,2.209,1.764,1.567,1.649,0.997,1.035,0.447,0.838,0.796,1.727,1.203,1.467,0.974,1.061,1.269,1.616,1.276,1.282
Y2016,1.473,1.697,1.866,1.648,1.917,1.534,0.954,0.217,0.977,0.459,1.406,1.0,1.142,2.083,1.494,1.048,1.72,1.393,1.41,2.187,1.866,,1.423,1.195,1.549,0.769,1.708,1.643,1.607,0.95,1.477,1.875,1.085,,1.54,1.373,1.236,2.345,1.048,1.221,1.101,1.528,0.836,1.321,0.837,0.837,1.323,0.929,1.29,1.034,1.08,1.329,1.431,,1.005,1.499,1.832,1.21,1.581,2.079,,1.327,1.355,1.845,1.483,1.08,1.284,1.494,1.289,1.219,1.512,1.222,1.932,1.619,1.555,,,0.743,1.281,2.162,1.755,1.746,1.149,1.016,1.396,1.944,1.402,1.985,1.272,1.813,1.651,2.372,1.12,1.005,1.366,1.336,2.01,1.758,1.266,1.728,1.369,1.915,1.371,0.977,1.37,1.623,1.621,1.033,1.124,1.543,1.736,1.479,1.304,1.686,2.256,1.333,1.627,1.761,1.931,1.367,1.939,1.708,1.837,1.479,1.631,2.003,1.951,1.889,1.007,1.502,1.566,0.898,1.183,1.79,0.608,1.098,1.602,1.11,1.241,1.288,0.764,,1.734,1.452,1.548,0.977,2.081,1.241,1.344,1.658,,1.153,1.925,1.101,1.494,1.21,1.319,1.192,1.298,,1.181,1.72,1.724,0.899,,1.113,0.987,1.553,1.033,1.411,0.38,1.462,1.453,,2.056,1.771,1.054,1.59,1.444,2.013,1.029,1.838,2.451,,1.685,0.977,1.153,0.943,1.12,1.407,1.767,1.536,1.602,1.628,1.722,,1.201,1.179,,1.957,2.053,1.873,1.534,1.638,-0.188,1.35,1.649,1.365,1.332,,1.762,5.413,1.846,1.835,1.818,1.682,1.435,1.913,1.315,,1.574,,2.041,1.572,2.071,1.33,1.025,1.261,2.089,0.975,1.176,1.26,2.197,0.946,0.266,,2.268,1.433,1.257,1.254,0.158,1.471,1.649,,,1.351,1.303,1.674,1.442,1.338,1.325,1.712,1.647,1.322,1.755,2.273,1.284,1.225,1.242,1.457,2.198,1.339,1.223,1.387,1.538,2.286,2.412,1.737,1.704,1.867,1.163,1.144,1.435,1.124,1.299,1.814,1.336,1.482,1.516,1.292,1.374,2.098,1.366,1.85
Y2017,1.483,1.337,1.63,1.268,1.853,0.808,0.788,0.764,0.824,1.057,0.976,1.143,1.117,1.73,1.347,1.332,2.188,1.211,1.069,1.577,1.719,,1.334,1.307,1.551,1.009,1.449,0.154,1.498,0.751,1.07,0.91,1.214,,1.842,1.05,1.21,1.451,1.021,1.235,1.207,1.529,0.68,1.579,1.403,1.403,1.58,1.242,0.607,0.43,0.787,1.579,1.121,0.971,0.802,1.579,1.547,1.341,0.859,1.597,,1.522,1.106,1.609,1.793,0.849,1.112,1.081,0.526,0.679,1.308,1.584,1.524,0.582,1.516,,,1.418,1.312,1.499,1.76,1.472,0.905,0.988,1.26,2.055,0.881,1.65,1.339,2.094,0.74,1.245,1.092,0.816,1.015,1.672,2.123,1.066,1.131,1.426,1.003,1.367,1.659,0.866,0.896,1.735,1.574,1.26,1.388,0.655,1.623,1.167,0.771,1.001,1.779,1.623,1.438,2.122,1.503,1.137,1.51,1.067,0.862,1.472,0.567,1.771,1.557,1.668,1.294,1.374,1.097,0.754,1.425,1.3,0.416,0.867,1.95,1.296,1.464,1.546,0.789,,1.921,2.567,1.337,0.824,2.378,0.805,1.23,1.016,,1.098,1.722,1.105,1.278,0.625,1.004,1.026,1.32,,0.848,1.129,1.552,1.416,,1.158,0.855,0.655,0.884,1.222,1.313,1.041,1.107,,1.486,2.188,0.848,1.962,1.256,1.335,1.363,1.12,2.109,,1.408,0.824,0.987,0.518,1.092,1.303,1.669,1.213,1.838,1.818,1.284,,1.278,1.793,,1.286,1.729,1.715,2.005,1.125,0.662,1.337,1.943,1.085,1.385,,1.397,3.347,1.59,1.811,1.172,1.318,0.997,1.215,1.392,,1.367,,1.52,0.763,1.759,1.322,1.116,1.637,1.414,1.613,1.443,1.626,1.408,0.766,1.49,,1.779,1.312,0.788,1.211,0.546,1.174,2.18,,,0.646,0.269,1.44,1.224,1.304,1.097,1.212,0.874,1.441,1.34,1.426,1.425,1.224,1.232,1.464,1.746,1.681,1.197,1.03,1.493,1.959,2.042,1.533,1.645,1.721,1.11,1.101,1.255,1.016,1.101,1.569,1.283,1.415,1.263,1.276,1.292,1.607,1.316,1.349
Y2018,1.524,2.232,1.326,1.101,1.826,1.264,0.607,1.454,0.61,0.828,2.853,0.895,1.112,2.511,2.281,1.017,2.359,0.993,0.802,2.32,2.201,,0.895,1.164,1.582,0.578,2.308,0.78,1.284,0.603,0.969,2.183,1.149,,0.844,0.725,1.091,0.502,0.663,1.188,1.496,1.494,0.332,1.389,1.229,1.229,1.39,1.028,0.222,0.526,1.096,1.333,1.226,0.48,1.049,1.139,2.301,1.154,2.185,2.659,,0.812,1.283,2.091,0.842,0.594,1.161,0.936,1.981,0.825,0.854,1.148,2.442,0.973,0.902,,,0.748,1.126,2.166,2.025,1.213,0.632,0.916,0.926,1.329,2.539,2.393,1.101,0.725,1.996,0.933,0.735,0.602,0.93,1.281,1.565,0.84,1.291,1.881,0.958,2.568,0.784,0.769,0.808,2.085,2.511,0.77,0.885,1.89,1.843,1.288,0.894,1.994,0.653,0.746,1.325,2.549,1.32,0.812,2.359,2.136,0.771,1.159,1.794,2.24,2.436,2.494,0.958,1.433,1.09,0.725,1.088,1.502,0.203,0.612,0.996,0.957,1.25,1.152,0.579,,1.951,2.306,2.295,0.61,0.775,0.749,0.93,1.61,,0.642,2.134,0.739,0.921,1.163,0.998,1.239,1.198,,0.831,2.135,1.484,1.108,,1.279,0.925,1.891,1.229,0.789,0.704,0.795,1.127,,2.437,0.928,0.709,2.089,0.737,2.017,1.235,2.281,2.039,,1.647,0.61,0.69,0.885,0.735,1.057,1.87,0.88,1.84,1.045,2.35,,1.005,1.308,,2.578,2.413,1.353,1.175,1.047,0.704,1.185,1.034,0.824,1.363,,1.221,4.104,1.843,2.317,2.381,1.728,0.769,0.913,1.237,,1.309,0.891,1.672,2.633,1.598,,1.069,0.965,2.243,1.489,1.013,1.3,1.244,0.61,1.132,,1.031,0.73,0.864,0.904,0.352,0.998,0.842,,,1.153,0.496,1.301,1.222,0.983,1.279,1.519,1.159,1.142,0.96,0.873,1.121,1.13,1.034,1.343,0.882,1.483,1.241,0.868,2.05,2.009,2.066,1.651,1.6,2.202,1.096,1.114,0.834,0.903,0.856,1.933,1.157,1.148,0.967,1.094,1.222,1.397,1.234,1.088
Y2019,0.893,1.911,1.224,1.502,1.871,1.694,0.843,0.615,0.827,0.709,1.864,1.216,1.423,2.365,2.025,1.434,2.238,1.211,1.286,2.657,2.075,,1.616,1.246,1.49,0.994,2.06,1.688,1.672,0.855,1.257,2.122,1.075,,1.362,1.421,1.616,1.315,1.001,1.462,1.499,1.613,0.46,1.423,1.831,1.831,1.424,1.227,0.61,0.647,1.353,1.925,1.443,0.514,1.279,1.082,2.143,1.591,1.566,2.552,,1.802,1.313,2.163,1.385,0.719,1.413,1.308,0.949,1.052,1.603,0.964,2.213,1.457,1.346,,,0.79,1.194,1.465,1.983,1.53,0.858,0.796,1.586,1.656,1.809,2.331,1.271,1.216,1.491,1.917,0.969,0.793,1.496,1.544,1.884,0.858,1.505,1.591,1.428,2.406,1.262,0.685,0.912,1.617,1.74,1.199,1.198,1.066,1.679,1.285,1.227,1.296,1.469,1.74,1.347,2.067,1.683,2.116,2.448,1.363,1.603,1.351,1.011,2.059,2.627,2.177,1.552,1.729,1.343,0.955,1.136,1.112,0.42,0.76,1.417,1.438,1.809,1.286,0.524,,1.962,1.918,1.913,0.827,1.728,1.178,1.552,2.252,,0.6,2.142,0.985,0.851,1.12,1.287,1.13,1.373,,0.798,1.911,1.203,0.803,,0.473,,1.055,1.424,0.673,1.464,1.097,1.214,,2.662,1.321,0.934,1.93,1.268,2.348,1.674,2.233,2.2,,1.683,0.827,0.922,0.275,0.969,1.407,1.68,1.272,1.701,1.52,2.123,,1.485,1.701,,2.458,2.375,1.301,2.115,1.8,0.082,1.01,1.398,1.274,1.018,,1.494,2.903,1.567,2.075,1.544,1.381,1.682,1.221,1.377,,1.904,1.387,1.48,1.701,1.886,1.619,1.179,1.483,2.368,1.151,1.257,1.68,1.011,0.865,0.72,,1.929,1.056,1.194,1.841,,1.245,1.56,,,1.456,1.157,1.473,1.415,1.515,1.476,1.175,1.911,1.266,1.246,1.179,1.307,1.467,1.31,1.369,1.579,1.485,0.936,1.301,1.619,2.116,2.221,1.462,1.627,2.137,1.37,1.413,0.739,0.907,1.157,1.884,1.405,1.429,1.06,1.244,1.412,1.627,1.361,1.297
